Company,Rating,Reviews,Salaries,Jobs,Company_Size,Industry
Amazon,3.8,158.8K,190.4K,16K,10000+ Employees,Internet & Web Services
Deloitte,4.1,92.7K,165.1K,63.9K,10000+ Employees,Accounting & Tax
Target,3.6,72K,110.9K,8.9K,10000+ Employees,General Merchandise & Superstores
McDonald's,3.5,109.8K,66.7K,100.7K,10000+ Employees,Restaurants & Cafes
Accenture,4.1,138.5K,51.8K,25.2K,10000+ Employees,Business Consulting
IBM,4.1,100.4K,71.8K,6.3K,10000+ Employees,Information Technology Support Services
Microsoft,4.4,45.7K,85.3K,851,10000+ Employees,Computer Hardware Development
Tata Consultancy Services,3.9,119.2K,56K,801,10000+ Employees,Computer Hardware Development
Cognizant Technology Solutions,3.8,82.7K,66.9K,4.2K,10000+ Employees,Information Technology Support Services
Starbucks,3.7,58.8K,63.5K,27.2K,10000+ Employees,Restaurants & Cafes
The Home Depot,3.8,43.5K,82.5K,21.6K,10000+ Employees,Home Furniture & Housewares Stores
Apple,4.2,35.8K,80.4K,4.7K,10000+ Employees,Computer Hardware Development
Google,4.5,40K,68.8K,801,10000+ Employees,Internet & Web Services
EY,4,66.2K,55.5K,18.8K,10000+ Employees,Accounting & Tax
PwC,3.9,67.7K,49.2K,37.9K,10000+ Employees,Accounting & Tax
US Army,3.8,40.3K,79.2K,1.6K,10000+ Employees,National Agencies
Wells Fargo,3.7,43.9K,62K,6.3K,10000+ Employees,Banking & Lending
Oracle,3.9,46.6K,60.9K,7.6K,10000+ Employees,Enterprise Software & Network Solutions
Bank of America,4,36.9K,54.7K,297,10000+ Employees,Banking & Lending
AT&T,3.7,37.5K,53.3K,2.9K,10000+ Employees,Telecommunications Services
Qualcomm,4.2,9.4K,85.3K,2,10000+ Employees,Computer Hardware Development
UPS,3.5,30.8K,57.1K,4.4K,10000+ Employees,Taxi & Car Services
Wipro,3.8,51.1K,44.2K,2.4K,10000+ Employees,Information Technology Support Services
JPMorgan Chase & Co,4,20.2K,56.3K,2.2K,10000+ Employees,Banking & Lending
Cisco Systems,4.3,30.2K,49K,883,10000+ Employees,Enterprise Software & Network Solutions
KPMG,4,52.3K,28.2K,149,10000+ Employees,Business Consulting
Best Buy,3.7,34.2K,44.8K,1.4K,10000+ Employees,Consumer Electronics & Appliances Stores
Verizon,3.8,31.2K,39.9K,2.4K,10000+ Employees,Telecommunications Services
Intel Corporation,4.3,27.1K,43.4K,905,10000+ Employees,Computer Hardware Development
Capgemini,3.7,65.1K,19.3K,9K,10000+ Employees,Enterprise Software & Network Solutions
US Navy,3.7,26.5K,40.6K,83,1001 to 5000 Employees,National Agencies
Citi,3.9,29.7K,29.7K,9.8K,10000+ Employees,Investment & Asset Management
Meta,4,13.7K,37.5K,1.8K,10000+ Employees,Internet & Web Services
US Air Force,4.1,25.1K,37.1K,837,10000+ Employees,National Agencies
Dell Technologies,4.3,31K,24.2K,451,10000+ Employees,Information Technology Support Services
HCLTech,3.7,38.5K,26.3K,728,10000+ Employees,Computer Hardware Development
Enterprise,3.6,22.6K,23.9K,1.1K,10000+ Employees,Car & Truck Rental
Capital One,4.2,14.3K,29.1K,1.1K,10000+ Employees,Banking & Lending
Nordstrom,3.7,21.5K,25.5K,1.7K,10000+ Employees,"Department, Clothing & Shoe Stores"
Salesforce,4.3,15.3K,21K,597,10000+ Employees,Enterprise Software & Network Solutions
Goldman Sachs,4,15.8K,22.9K,445,10000+ Employees,Investment & Asset Management
T-Mobile,3.8,18.1K,27.2K,5K,10000+ Employees,Telecommunications Services
ADP,4,17.6K,18.6K,1.6K,10000+ Employees,Enterprise Software & Network Solutions
Comcast,3.8,14.9K,22.4K,2.4K,10000+ Employees,Telecommunications Services
Morgan Stanley,4,16.3K,20.7K,1.8K,10000+ Employees,Investment & Asset Management
Boeing,3.9,14.5K,25.5K,2.6K,10000+ Employees,Aerospace & Defense
Teleperformance,4.2,43.6K,7.3K,2K,5001 to 10000 Employees,Telecommunications Services
Whole Foods Market,3.5,17K,23.5K,2.7K,10000+ Employees,Grocery Stores
State Farm,3.6,15.9K,23K,24.6K,10000+ Employees,Insurance Carriers
Chick-fil-A,3.9,18.3K,23.5K,9K,5001 to 10000 Employees,Restaurants & Cafes
Aerotek,3.5,7.6K,35.2K,11.5K,5001 to 10000 Employees,HR Consulting
UnitedHealth Group,3.6,15.4K,18.1K,6.7K,10000+ Employees,Health Care Services & Hospitals
Lockheed Martin,4.1,12K,25.7K,6K,10000+ Employees,Aerospace & Defense
PepsiCo,4,17.6K,16.5K,4.7K,10000+ Employees,Food & Beverage Manufacturing
Fidelity Investments,4.3,13.7K,20.1K,1.6K,10000+ Employees,Investment & Asset Management
YMCA,3.9,17.8K,20.1K,19.1K,1001 to 5000 Employees,Civic & Social Services
Kaiser Permanente,3.9,13.4K,21.8K,8.2K,10000+ Employees,Health Care Services & Hospitals
SAP,4.4,26.8K,11.6K,1.2K,10000+ Employees,Enterprise Software & Network Solutions
Publix,3.8,15.4K,20.8K,596,10000+ Employees,Grocery Stores
Honeywell,4,18.9K,14.3K,3.4K,10000+ Employees,Computer Hardware Development
Marriott International,4.1,15.9K,16.9K,33.9K,10000+ Employees,Hotels & Resorts
SelfEmployed.com,4.4,8.1K,25.1K,--,1 to 50 Employees,N/A
GE,3.9,17.4K,13.2K,347,10000+ Employees,Machinery Manufacturing
Northrop Grumman,4,9.9K,21.8K,2.6K,10000+ Employees,Aerospace & Defense
Walt Disney Company,3.9,12.9K,17.8K,1.1K,10000+ Employees,Film Production
Tech Mahindra,3.6,30.2K,11.7K,510,10000+ Employees,Information Technology Support Services
Costco Wholesale,4,14.5K,15.8K,490,10000+ Employees,General Merchandise & Superstores
US Marine Corps,3.8,13.7K,17.5K,515,10000+ Employees,National Agencies
American Express,4.2,14.9K,13.4K,570,10000+ Employees,Financial Transaction Processing
Hewlett Packard Enterprise | HPE,4.2,16.1K,15.3K,2K,10000+ Employees,Information Technology Support Services
DXC Technology,3.6,22.4K,11.5K,1.7K,10000+ Employees,Information Technology Support Services
CGI,3.9,15.1K,14.1K,10.4K,10000+ Employees,Business Consulting
NIKE,4.2,13.2K,14K,1.1K,10000+ Employees,Consumer Product Manufacturing
Domino's,3.5,14.8K,14K,35K,10000+ Employees,Restaurants & Cafes
General Motors (GM),4,11K,14K,770,10000+ Employees,Transportation Equipment Manufacturing
PNC Financial Services Group,3.6,9.1K,17.6K,2.3K,10000+ Employees,Banking & Lending
Siemens,4.1,19.2K,9.5K,13.1K,10000+ Employees,Electronics Manufacturing
Old Navy,3.6,11.5K,15.2K,2.7K,10000+ Employees,"Department, Clothing & Shoe Stores"
Bloomberg L.P.,4.1,7.1K,11.7K,566,10000+ Employees,Computer Hardware Development
Johnson & Johnson,4.2,14.1K,11.3K,1.7K,10000+ Employees,Biotech & Pharmaceuticals
Booz Allen Hamilton,4.2,8.1K,17.7K,2.5K,10000+ Employees,Business Consulting
Robert Half,3.9,11.7K,11.7K,19.9K,10000+ Employees,HR Consulting
NVIDIA,4.7,4.8K,22.3K,604,10000+ Employees,Computer Hardware Development
Cerner,3.6,9.5K,15.1K,129,10000+ Employees,Computer Hardware Development
HSBC,3.8,25.7K,5.8K,3.1K,10000+ Employees,Banking & Lending
U.S. Bank,3.8,9.3K,16.1K,1.8K,10000+ Employees,Banking & Lending
UBS,3.9,12.4K,11.3K,2.7K,10000+ Employees,Investment & Asset Management
Barclays,4,16.8K,8.6K,2.5K,10000+ Employees,Banking & Lending
Thomson Reuters,3.7,14.3K,9.4K,643,10000+ Employees,Enterprise Software & Network Solutions
Liberty Mutual Insurance,3.9,8.3K,14.3K,1.6K,10000+ Employees,Insurance Carriers
Kforce,4,3K,24.8K,923,10000+ Employees,Business Consulting
Insight Global,4,10.8K,10.9K,4.8K,1001 to 5000 Employees,HR Consulting
McKinsey & Company,4.4,9.1K,13.2K,250,10000+ Employees,Business Consulting
LTI,3.8,11.9K,16.2K,1.4K,10000+ Employees,Information Technology Support Services
TD,4,17.4K,7.8K,2.4K,10000+ Employees,Banking & Lending
Victoria's Secret,3.5,11.2K,12.5K,1.8K,1001 to 5000 Employees,"Department, Clothing & Shoe Stores"
Ulta Beauty,3.5,10.1K,14.3K,6.4K,10000+ Employees,Beauty & Personal Accessories Stores
Procter & Gamble,4.2,14.9K,8K,1.4K,10000+ Employees,Consumer Product Manufacturing
ALDI,3.5,11.6K,9.4K,14.8K,10000+ Employees,Grocery Stores
Allstate,3.5,9.6K,13.5K,1.4K,10000+ Employees,Insurance Agencies & Brokerages
VMware,4.3,10.1K,12.4K,1K,10000+ Employees,Enterprise Software & Network Solutions
Tesla,3.6,8.3K,14K,6.1K,10000+ Employees,Transportation Equipment Manufacturing
Ford Motor Company,4,12K,10.9K,3.2K,10000+ Employees,Transportation Equipment Manufacturing
Chase,3.8,9.8K,13.2K,4.8K,10000+ Employees,Banking & Lending
H E B,4.2,10K,13.5K,5.2K,10000+ Employees,Grocery Stores
Raytheon Technologies,3.8,7.2K,14.9K,161,10000+ Employees,Aerospace & Defense
Taco Bell,3.5,10.5K,13.2K,56.1K,10000+ Employees,Restaurants & Cafes
US Department of Veterans Affairs,3.7,8.4K,14.6K,6.2K,10000+ Employees,National Agencies
H&M,3.6,14.1K,8.1K,1.7K,10000+ Employees,"Department, Clothing & Shoe Stores"
Pizza Hut,3.5,11.5K,12K,33.2K,10000+ Employees,Restaurants & Cafes
Northwestern Mutual,4,9.8K,8.1K,889,5001 to 10000 Employees,Investment & Asset Management
Intuit,4.5,9.2K,11.4K,502,10000+ Employees,Software Development
ABC,4,13.5K,9.1K,40,10000+ Employees,Broadcast Media
DICK'S Sporting Goods,3.8,9.3K,13.5K,2.6K,10000+ Employees,Sporting Goods Stores
FedEx,3.7,9.8K,11.7K,4.5K,10000+ Employees,Shipping & Trucking
J.P. Morgan,4.1,22.9K,1.2K,20,10000+ Employees,Investment & Asset Management
Labcorp,3.8,8.7K,12.6K,8K,10000+ Employees,Health Care Services & Hospitals
CBRE,4,9.9K,10.4K,4.4K,10000+ Employees,Real Estate
Freelancer,4.2,13.3K,9.2K,36,501 to 1000 Employees,HR Consulting
CSC,3.7,6.7K,15.9K,6,10000+ Employees,Information Technology Support Services
Hilton,4,9.8K,9.7K,8.3K,10000+ Employees,Hotels & Resorts
American Airlines,3.8,6.9K,10.4K,251,10000+ Employees,"Airlines, Airports & Air Transportation"
Concentrix,3.9,25.3K,4.4K,2.4K,10000+ Employees,Information Technology Support Services
Medtronic,4,8.5K,11.5K,729,10000+ Employees,Health Care Products Manufacturing
BNY Mellon,3.7,10.3K,9.5K,7.5K,10000+ Employees,Investment & Asset Management
SLB,4,10.9K,8.6K,539,10000+ Employees,Energy & Utilities
Thermo Fisher Scientific,3.8,8.5K,10.7K,7.3K,10000+ Employees,Biotech & Pharmaceuticals
Ericsson-Worldwide,4,17.2K,5.8K,1K,10000+ Employees,Telecommunications Services
Santander,3.8,16.4K,5.2K,2.7K,5001 to 10000 Employees,Banking & Lending
Philips,3.8,10.4K,7K,669,10000+ Employees,Health Care Services & Hospitals
Delta Air Lines,4.3,6.5K,8.8K,493,10000+ Employees,"Airlines, Airports & Air Transportation"
TEKsystems,4.1,9.6K,10.3K,1.9K,1001 to 5000 Employees,HR Consulting
IQVIA,4,11.7K,7.6K,2.9K,10000+ Employees,Biotech & Pharmaceuticals
Credit Suisse,3.8,10.6K,8.2K,904,10000+ Employees,Investment & Asset Management
Progressive Insurance,3.9,5.9K,10.7K,497,10000+ Employees,Insurance Carriers
Deutsche Bank,3.9,11.3K,7.3K,5.5K,10000+ Employees,Banking & Lending
Gap,3.8,8.7K,9.6K,36,10000+ Employees,"Department, Clothing & Shoe Stores"
United Airlines,4,5.8K,7.7K,352,10000+ Employees,"Airlines, Airports & Air Transportation"
Bath & Body Works,3.8,8.5K,10.5K,2.2K,10000+ Employees,Beauty & Personal Accessories Stores
University of Michigan,4.4,6.4K,13.9K,1.2K,10000+ Employees,Colleges & Universities
Abbott,3.8,8.7K,9.5K,2.2K,10000+ Employees,Health Care Services & Hospitals
Fujitsu,3.7,5.8K,14.1K,2.7K,10000+ Employees,Enterprise Software & Network Solutions
IKEA,3.7,11.6K,5.7K,2.7K,10000+ Employees,Home Furniture & Housewares Stores
Adobe,4.4,8.4K,9.2K,629,10000+ Employees,Computer Hardware Development
Abercrombie & Fitch,3.7,8K,9.1K,862,10000+ Employees,"Department, Clothing & Shoe Stores"
Sherwin-Williams,3.8,7.9K,10.9K,3K,10000+ Employees,Consumer Product Manufacturing
Self Opportunity,4.4,4.7K,14.8K,2,51 to 200 Employees,Advertising & Public Relations
State Street,3.5,8.7K,8.6K,1.3K,10000+ Employees,Investment & Asset Management
Cummins,4.2,7.1K,10.7K,1.3K,10000+ Employees,Transportation Equipment Manufacturing
PayPal,4,7.2K,9.9K,989,10000+ Employees,Internet & Web Services
American Eagle Outfitters,3.5,8.2K,9.8K,3.3K,10000+ Employees,"Department, Clothing & Shoe Stores"
The Coca-Cola Company,4.1,9K,8.2K,449,10000+ Employees,Food & Beverage Manufacturing
Nokia,4.2,16.9K,5.2K,1.9K,10000+ Employees,Telecommunications Services
LinkedIn,4.5,6K,9.2K,54,10000+ Employees,Internet & Web Services
NTT DATA,3.9,12.4K,7K,10.2K,10000+ Employees,Information Technology Support Services
Mastech Digital,4,677,19.7K,152,1001 to 5000 Employees,Information Technology Support Services
Kelly,3.6,8.6K,6.2K,7.4K,5001 to 10000 Employees,HR Consulting
USAA,3.6,6K,10.3K,136,10000+ Employees,Insurance Carriers
Pfizer,4.1,8K,8.8K,2.3K,10000+ Employees,Biotech & Pharmaceuticals
Schneider Electric,4.2,12.7K,5.4K,3.4K,10000+ Employees,Energy & Utilities
Humana,3.9,6.1K,10.3K,881,10000+ Employees,Health Care Services & Hospitals
Trader Joe's,4,7.3K,9.6K,377,10000+ Employees,Grocery Stores
AECOM,3.8,9.1K,7.4K,9.7K,10000+ Employees,Architectural & Engineering Services
Caterpillar,4,7.3K,9.1K,1.1K,10000+ Employees,Machinery Manufacturing
Olive Garden Italian Restaurants,3.7,8.5K,8.6K,7.5K,10000+ Employees,Restaurants & Cafes
Sephora,3.6,8K,7.9K,2.7K,10000+ Employees,Beauty & Personal Accessories Stores
Mphasis,3.7,8.2K,10.2K,33,10000+ Employees,Information Technology Support Services
ServiceNow,4.5,3.5K,13.6K,936,10000+ Employees,Enterprise Software & Network Solutions
TTEC,3.6,8.8K,6.2K,608,10000+ Employees,HR Consulting
Expedia Group,4.1,6.4K,8.5K,580,10000+ Employees,Internet & Web Services
AIG,3.6,7.3K,7.8K,1.1K,10000+ Employees,Insurance Carriers
JLL,3.9,8.5K,7.7K,4K,10000+ Employees,Real Estate
Optum,3.7,6.8K,10.4K,1.2K,501 to 1000 Employees,Health Care Services & Hospitals
NBCUniversal,4.1,5.5K,9.1K,124,10000+ Employees,Broadcast Media
GSK,4.1,11.4K,5.3K,2.5K,10000+ Employees,Biotech & Pharmaceuticals
FIS,3.8,10.1K,6.6K,774,10000+ Employees,Financial Transaction Processing
Boston Consulting Group,4.4,7.1K,6.9K,2.4K,10000+ Employees,Business Consulting
HP Inc.,4.2,8.5K,8.9K,1.4K,10000+ Employees,Computer Hardware Development
TJ Maxx,3.5,7.3K,9.1K,2.2K,10000+ Employees,"Department, Clothing & Shoe Stores"
Travelers,4,5.2K,9.1K,904,10000+ Employees,Insurance Carriers
Gartner,4,6.6K,7K,774,10000+ Employees,Business Consulting
Yelp,3.5,4.6K,7.8K,92,5001 to 10000 Employees,Internet & Web Services
Shell,4.1,12.2K,5K,1.8K,10000+ Employees,Energy & Utilities
University of Washington,4.2,5.3K,11.8K,2K,10000+ Employees,Colleges & Universities
Barnes & Noble,3.8,6.7K,9.2K,318,10000+ Employees,Other Retail Stores
Pearson,3.7,7.5K,7.5K,2.9K,10000+ Employees,Publishing
Nielsen,3.8,8.4K,6.3K,357,10000+ Employees,Enterprise Software & Network Solutions
Vanguard,3.7,5K,8.8K,398,10000+ Employees,Investment & Asset Management
CarMax,3.8,6.1K,8.7K,923,10000+ Employees,Vehicle Dealers
Merck,4.2,6.1K,9.2K,825,10000+ Employees,Biotech & Pharmaceuticals
Johnson Controls,3.6,8.1K,7.2K,4.2K,10000+ Employees,Machinery Manufacturing
Visa Inc.,4,5.6K,7.5K,555,10000+ Employees,Information Technology Support Services
Adecco,3.7,8.1K,4.9K,129.8K,201 to 500 Employees,Staffing & Subcontracting
Randstad US,3.8,4.9K,10.8K,96,5001 to 10000 Employees,HR Consulting
eBay,4.2,5.2K,9.2K,26,10000+ Employees,Internet & Web Services
UST,3.9,6.9K,9.6K,1.8K,10000+ Employees,Information Technology Support Services
Manpower,4.1,8.2K,5.2K,61.7K,10000+ Employees,HR Consulting
Applebee's,3.5,7.6K,8.1K,12.8K,10000+ Employees,Restaurants & Cafes
Charles Schwab,4.1,5K,9.6K,475,10000+ Employees,Investment & Asset Management
Yahoo,4,5.7K,10.9K,2.5K,5001 to 10000 Employees,Internet & Web Services
Cigna,3.7,5.2K,8.9K,1.2K,10000+ Employees,Health Care Services & Hospitals
Stryker,4.1,5.7K,6.5K,1.1K,10000+ Employees,Health Care Products Manufacturing
L'Oréal,4,11K,3.9K,1.3K,10000+ Employees,Consumer Product Manufacturing
Genpact,3.9,18.5K,3.6K,4.3K,10000+ Employees,Information Technology Support Services
Hollister Co.,3.5,7.2K,5.9K,1.8K,5001 to 10000 Employees,Consumer Product Manufacturing
Unilever,4.1,13.9K,2.9K,1.5K,10000+ Employees,Consumer Product Manufacturing
Stanford University,4.3,4.8K,10.7K,963,10000+ Employees,Colleges & Universities
Merrill Lynch,3.8,5.5K,8.9K,2,10000+ Employees,Investment & Asset Management
lululemon,4.3,6.7K,5.6K,1.9K,10000+ Employees,"Department, Clothing & Shoe Stores"
Sanofi,4,8.8K,5.2K,1.8K,10000+ Employees,Biotech & Pharmaceuticals
RSM,4,5.3K,8.2K,4.1K,10000+ Employees,Accounting & Tax
H&R Block,3.8,6.4K,8.1K,31.4K,10000+ Employees,Other Retail Stores
BlackRock,4.1,5K,6.6K,211,10000+ Employees,Investment & Asset Management
Aon,4,6.7K,4.8K,2.1K,10000+ Employees,Insurance Agencies & Brokerages
Novartis,4,8.8K,5.1K,1.9K,10000+ Employees,Biotech & Pharmaceuticals
Nationwide,4,5K,8.6K,152,10000+ Employees,Insurance Carriers
Texas Instruments,4.1,4.9K,7.6K,437,10000+ Employees,Electronics Manufacturing
KFC,3.5,11.2K,4.4K,32.6K,10000+ Employees,Restaurants & Cafes
Jimmy John's,3.7,6.7K,7.9K,5.1K,1001 to 5000 Employees,Restaurants & Cafes
WTW,3.9,6.7K,5.8K,1.3K,10000+ Employees,Business Consulting
NYU (New York University),4.3,5.1K,9.5K,586,10000+ Employees,Colleges & Universities
Jacobs,4,6.2K,7.1K,4.7K,10000+ Employees,Architectural & Engineering Services
Zensar Technologies,3.9,4K,10.9K,165,5001 to 10000 Employees,Information Technology Support Services
Fedex Express,3.7,6.4K,7.1K,1.5K,10000+ Employees,Shipping & Trucking
Providence,3.6,5.1K,8.5K,8.9K,10000+ Employees,Health Care Services & Hospitals
Cintas,3.6,5.2K,7.1K,2.8K,10000+ Employees,Building & Personnel Services
UCLA,4.1,4.8K,9.8K,365,1001 to 5000 Employees,Colleges & Universities
Grant Thornton,3.9,6.4K,6.5K,2.2K,5001 to 10000 Employees,Accounting & Tax
Farmers Insurance Group,3.6,5.4K,7.7K,2.7K,10000+ Employees,Insurance Carriers
MetLife,4,6.4K,6.3K,623,10000+ Employees,Insurance Agencies & Brokerages
Sitel Group,3.8,12.3K,3.5K,1.5K,10000+ Employees,Telecommunications Services
McKesson,3.8,5.3K,7.4K,791,10000+ Employees,Health Care Services & Hospitals
Samsung Electronics,3.8,13K,3.6K,54,10000+ Employees,Electronics Manufacturing
Randstad,3.9,8.1K,3.9K,115.2K,501 to 1000 Employees,HR Consulting
Elevance Health,3.7,4.6K,8.4K,947,10000+ Employees,Health Care Services & Hospitals
Mindtree,4,10.7K,5.3K,42,10000+ Employees,Information Technology Support Services
RBC,4,13K,2.8K,1.9K,10000+ Employees,Banking & Lending
Hyatt,4,6.2K,6.8K,5.9K,10000+ Employees,Hotels & Resorts
New York City Department of Education,3.5,4K,10.1K,502,10000+ Employees,State & Regional Agencies
Columbia University,4.1,4.4K,9.3K,1.8K,10000+ Employees,Colleges & Universities
UC San Diego,4.2,4.7K,9.4K,1.1K,10000+ Employees,Colleges & Universities
Instacart,3.8,6K,7.6K,4K,1001 to 5000 Employees,Internet & Web Services
University of Pennsylvania,4.2,4.1K,9.8K,1.9K,10000+ Employees,Colleges & Universities
Texas A&M University,4.4,5.1K,8.8K,817,Unknown,Colleges & Universities
Bayer,4.2,7.6K,4.7K,1.7K,10000+ Employees,Biotech & Pharmaceuticals
Western Digital,3.8,3.7K,9K,388,10000+ Employees,Computer Hardware Development
Genentech,4.3,4K,7.9K,479,10000+ Employees,Biotech & Pharmaceuticals
Prudential,3.8,4.7K,6K,372,10000+ Employees,Investment & Asset Management
GE HealthCare,4.2,6.5K,6.1K,1.2K,10000+ Employees,Health Care Services & Hospitals
3M,3.8,6.1K,6K,574,10000+ Employees,Consumer Product Manufacturing
The Ohio State University,4.1,4.5K,9.2K,700,10000+ Employees,Colleges & Universities
Bain & Company,4.5,6.2K,4.7K,190,10000+ Employees,Business Consulting
Cleveland Clinic,3.7,4.1K,8.6K,4.5K,10000+ Employees,Health Care Services & Hospitals
Centene,3.7,4.2K,8K,1.1K,10000+ Employees,Insurance Carriers
Rocket Companies,3.5,4.3K,6.3K,40,10000+ Employees,Banking & Lending
Total Quality Logistics,4.1,5.8K,6K,170,10000+ Employees,Shipping & Trucking
Disney Parks,3.8,5K,6.8K,851,10000+ Employees,Culture & Entertainment
Express Employment Professionals,3.8,3.2K,9.9K,4.1K,10000+ Employees,HR Consulting
University of Texas at Austin,4.2,4.6K,8.9K,999,10000+ Employees,Colleges & Universities
Atos-Syntel,3.6,7.2K,7K,8,10000+ Employees,Information Technology Support Services
Halliburton,3.7,6K,5.6K,1.1K,10000+ Employees,Energy & Utilities
Southwest Airlines,4.2,4.1K,5.9K,96,10000+ Employees,"Airlines, Airports & Air Transportation"
Urban Outfitters,3.6,5K,5.5K,623,10000+ Employees,"Department, Clothing & Shoe Stores"
Applied Materials,4.1,3.5K,9.4K,928,10000+ Employees,Electronics Manufacturing
Leidos,3.9,3.7K,8.8K,5.1K,10000+ Employees,Aerospace & Defense
Workday,4.3,2.9K,8.3K,337,10000+ Employees,Enterprise Software & Network Solutions
Publicis Sapient,3.9,8.7K,4.6K,437,10000+ Employees,Business Consulting
Eaton,3.9,6.2K,5.5K,3.5K,10000+ Employees,Electronics Manufacturing
NCR,3.6,6.7K,5.4K,779,10000+ Employees,Enterprise Software & Network Solutions
Micron Technology,3.9,5.5K,6K,210,10000+ Employees,Computer Hardware Development
University of Southern California,4.3,4.4K,8.1K,942,10000+ Employees,Colleges & Universities
Chevron,4.1,5.5K,6.4K,883,10000+ Employees,Energy & Utilities
New York Life,3.7,4.9K,4.6K,1.6K,10000+ Employees,Insurance Agencies & Brokerages
Amgen,4.1,3.9K,7K,347,10000+ Employees,Biotech & Pharmaceuticals
Arizona State University,4.2,4.7K,8.1K,395,10000+ Employees,Colleges & Universities
Life Time,3.5,5.7K,6.3K,2.4K,10000+ Employees,Beauty & Wellness
United States Federal Government,4.1,4.1K,8.7K,158,1001 to 5000 Employees,National Agencies
UKG,4,5.1K,5.2K,318,5001 to 10000 Employees,Enterprise Software & Network Solutions
SAIC,4.1,3.9K,7.7K,1.3K,10000+ Employees,Information Technology Support Services
Nestlé,4.1,12.9K,2.4K,2K,10000+ Employees,Food & Beverage Manufacturing
Wegmans Food Markets,4.1,5.1K,6.7K,589,10000+ Employees,Grocery Stores
AstraZeneca,4.1,6.5K,4.7K,2.8K,10000+ Employees,Biotech & Pharmaceuticals
Roche,4.3,7.1K,3.8K,1.6K,5001 to 10000 Employees,Biotech & Pharmaceuticals
University of Minnesota,4.2,3.8K,8.9K,1.7K,10000+ Employees,Colleges & Universities
FCA Fiat Chrysler Automobiles,3.6,6.3K,4.9K,667,10000+ Employees,Transportation Equipment Manufacturing
Marshalls,3.5,5.4K,6.7K,1.8K,10000+ Employees,"Department, Clothing & Shoe Stores"
Kraft Heinz Company,3.5,5.8K,5.4K,760,10000+ Employees,Food & Beverage Manufacturing
Banana Republic,3.6,5.1K,6.1K,1K,5001 to 10000 Employees,"Department, Clothing & Shoe Stores"
Tata Consultancy Services (North America),3.8,8.4K,4.3K,792,10000+ Employees,Information Technology Support Services
US Department of Defense,4,4.1K,8.4K,1K,10000+ Employees,Aerospace & Defense
Panda Express,3.6,4.8K,5.8K,16,10000+ Employees,Restaurants & Cafes
Harvard University,4.3,3.4K,8.9K,696,10000+ Employees,Colleges & Universities
Discover,4,3.8K,7.2K,503,1001 to 5000 Employees,Banking & Lending
Quest Diagnostics,3.5,4.6K,6.7K,2.8K,10000+ Employees,Health Care Services & Hospitals
Cargill,4,6.5K,4.8K,2.4K,10000+ Employees,Crop Production
Menards,3.5,5.3K,6.7K,984,10000+ Employees,Home Furniture & Housewares Stores
Baylor Scott & White Health,3.8,3.4K,7.7K,2.6K,10000+ Employees,Health Care Services & Hospitals
Advantage Solutions,3.5,4.4K,7.1K,2.4K,10000+ Employees,Advertising & Public Relations
NetApp,4.3,4.7K,6.3K,85,10000+ Employees,Enterprise Software & Network Solutions
Northwell Health,4,3.7K,7.7K,3.7K,10000+ Employees,Health Care Services & Hospitals
Keller Williams,4.3,6.4K,5.3K,1.9K,5001 to 10000 Employees,Real Estate
Penn State,4.2,4.2K,8.1K,1.7K,10000+ Employees,Colleges & Universities
Northside Hospital,4.3,5K,5.3K,5K,10000+ Employees,Health Care Services & Hospitals
Memorial Sloan Kettering Cancer Center,3.9,3.2K,7.2K,142,10000+ Employees,Health Care Services & Hospitals
AMC Entertainment,3.7,4.8K,5.7K,654,10000+ Employees,Culture & Entertainment
"Toys ""R"" Us",3.9,5.3K,5.3K,8,10000+ Employees,Toy & Hobby Stores
EPAM Systems,4.2,7.3K,4.8K,3.3K,10000+ Employees,Information Technology Support Services
XPO,3.6,5.6K,5.1K,1.8K,10000+ Employees,Shipping & Trucking
Mercer,3.9,5.5K,4.8K,567,10000+ Employees,Business Consulting
Paycom,3.7,3K,4.7K,317,1001 to 5000 Employees,Enterprise Software & Network Solutions
DHL Supply Chain,3.8,8K,3.7K,27,10000+ Employees,Shipping & Trucking
Broadcom,3.6,3.8K,7.3K,241,10000+ Employees,Electronics Manufacturing
Paychex,3.8,4.3K,6K,358,10000+ Employees,Enterprise Software & Network Solutions
Ecolab,3.7,4.6K,5.5K,1.2K,10000+ Employees,Chemical Manufacturing
"The TJX Companies, Inc.",3.7,4.7K,6K,482,10000+ Employees,"Department, Clothing & Shoe Stores"
John Deere,4.1,5.7K,4.9K,1.1K,10000+ Employees,Machinery Manufacturing
University of Maryland,4.2,3.8K,8.1K,535,10000+ Employees,Colleges & Universities
Emerson,3.9,6.3K,4.5K,2.6K,10000+ Employees,Electronics Manufacturing
Robert Bosch,4.2,14.2K,1.9K,249,10000+ Employees,Computer Hardware Development
Lyft,3.9,4.3K,5.4K,29.2K,5001 to 10000 Employees,Computer Hardware Development
Rutgers University,4.1,4.1K,7.4K,51,10000+ Employees,Colleges & Universities
General Dynamics Information Technology,3.9,4K,7.2K,2K,10000+ Employees,Information Technology Support Services
Northwestern University,4.2,3.2K,8.2K,812,5001 to 10000 Employees,Colleges & Universities
Citizens,3.8,3.8K,6.2K,692,10000+ Employees,Banking & Lending
MIT,4.4,3.5K,8.3K,551,10000+ Employees,Colleges & Universities
Texas Roadhouse,3.8,5.6K,5.8K,3.6K,10000+ Employees,Restaurants & Cafes
Mayo Clinic,4,3.1K,7.8K,2.6K,10000+ Employees,Health Care Services & Hospitals
Mastercard,4.3,5.2K,4.5K,786,10000+ Employees,Financial Transaction Processing
Cardinal Health,3.7,3.9K,6.5K,2.4K,10000+ Employees,Wholesale
The Johns Hopkins University,4.1,3.3K,8K,3.3K,10000+ Employees,Colleges & Universities
NortonLifeLock,3.8,5K,5.1K,--,1001 to 5000 Employees,Computer Hardware Development
Bristol Myers Squibb,3.9,4K,6.2K,3.4K,10000+ Employees,Biotech & Pharmaceuticals
ZS Associates,3.9,6.4K,3.9K,34,10000+ Employees,Business Consulting
University of Florida,4.2,3.6K,7.9K,881,10000+ Employees,Colleges & Universities
Edward Jones,3.9,4.3K,5.3K,1.1K,10000+ Employees,Investment & Asset Management
S&P Global,4.1,5.9K,4K,3.2K,10000+ Employees,Research & Development
Citrix,3.7,4.4K,5.1K,1,5001 to 10000 Employees,Enterprise Software & Network Solutions
Amdocs,4,10.1K,2.9K,239,10000+ Employees,Enterprise Software & Network Solutions
DONE by NONE,4,3.8K,6.2K,--,1 to 50 Employees,Computer Hardware Development
BNP Paribas,3.8,12.4K,1.8K,6.2K,10000+ Employees,Banking & Lending
Slalom,4.5,2.5K,5.2K,187,10000+ Employees,Business Consulting
NYU Langone Health,4.2,3.3K,6.7K,3.6K,10000+ Employees,Health Care Services & Hospitals
Maxim Healthcare Services,3.5,4.3K,5.7K,1.5K,10000+ Employees,Health Care Services & Hospitals
University of Chicago,4.2,3K,8.2K,746,10000+ Employees,Colleges & Universities
adidas,3.9,6.5K,3.5K,1.2K,10000+ Employees,"Department, Clothing & Shoe Stores"
Mount Sinai Health System,3.5,3.5K,6.8K,3.7K,10000+ Employees,Health Care Services & Hospitals
Parexel,4,3K,7.6K,433,10000+ Employees,Biotech & Pharmaceuticals
ABB,4,8.4K,2.8K,4.1K,10000+ Employees,Electronics Manufacturing
Purdue University,4.3,4K,7.4K,840,10000+ Employees,Colleges & Universities
University of California Berkeley,4.3,3.9K,7.3K,14,10000+ Employees,Colleges & Universities
Informatica,4.2,2.7K,6.8K,69,5001 to 10000 Employees,Enterprise Software & Network Solutions
BD,3.9,4.4K,5.4K,2.4K,10000+ Employees,Health Care Products Manufacturing
Vector Marketing,4.4,7.1K,2.9K,--,501 to 1000 Employees,Advertising & Public Relations
Indeed,4.4,3.2K,4.8K,1.2K,10000+ Employees,Internet & Web Services
Whirlpool Corporation,4,5.7K,4K,527,10000+ Employees,Consumer Product Manufacturing
Boston Scientific,4.2,4.3K,5.4K,887,10000+ Employees,Health Care Products Manufacturing
Anthropologie,3.8,3.9K,4.9K,130,5001 to 10000 Employees,"Department, Clothing & Shoe Stores"
Fastenal,3.6,4.4K,5.7K,1.1K,10000+ Employees,Taxi & Car Services
Atos,3.7,11.3K,2K,1.9K,10000+ Employees,Information Technology Support Services
Synopsys,4.1,3.2K,7.2K,774,10000+ Employees,Computer Hardware Development
bp,3.8,5.9K,3.5K,1.8K,10000+ Employees,Energy & Utilities
BASF,3.7,6K,3.2K,1.3K,10000+ Employees,Chemical Manufacturing
AbbVie,3.9,4K,5.4K,1.2K,10000+ Employees,Biotech & Pharmaceuticals
AMD,4.2,3.9K,5.7K,1.3K,5001 to 10000 Employees,Computer Hardware Development
Convergys,3.5,5.6K,3.5K,2.4K,10000+ Employees,HR Consulting
Outback Steakhouse,3.7,5.9K,4.2K,3.9K,5001 to 10000 Employees,Restaurants & Cafes
PPD,4,3.8K,5.6K,3,10000+ Employees,Biotech & Pharmaceuticals
The Cheesecake Factory,3.6,4.7K,4.9K,1.8K,10000+ Employees,Restaurants & Cafes
L3Harris,3.8,3K,6.6K,2.3K,10000+ Employees,Aerospace & Defense
TaskUs,4.5,13.2K,1.7K,828,10000+ Employees,Information Technology Support Services
Nones,3.9,2.4K,6.2K,2,Unknown,N/A
Red Lobster,3.5,4.8K,4.8K,5K,10000+ Employees,Restaurants & Cafes
Paramount,3.9,3.4K,5.1K,130,10000+ Employees,Film Production
MathWorks,4.4,2.2K,4.2K,544,501 to 1000 Employees,Software Development
Autodesk,4.3,4.1K,4.4K,619,10000+ Employees,Enterprise Software & Network Solutions
BAE Systems USA,3.8,3.3K,5.8K,1.7K,10000+ Employees,Aerospace & Defense
Groupon,3.5,4.2K,4K,36,5001 to 10000 Employees,Internet & Web Services
Eli Lilly and Company,4,4.2K,4.4K,788,10000+ Employees,Biotech & Pharmaceuticals
University of Pittsburgh,4,2.6K,7.4K,1.1K,10000+ Employees,Colleges & Universities
Dairy Queen,3.5,5K,4.9K,4K,201 to 500 Employees,Restaurants & Cafes
American Red Cross,3.5,4.3K,4.6K,2.1K,10000+ Employees,Civic & Social Services
The Hartford,4,3.4K,5.5K,257,10000+ Employees,Insurance Carriers
UC San Francisco,4,2.5K,7.2K,1.8K,10000+ Employees,Colleges & Universities
Indiana University,4.1,3.1K,6.3K,771,5001 to 10000 Employees,Colleges & Universities
Patni Computer Systems,3.9,468,10.1K,--,5001 to 10000 Employees,Information Technology Support Services
Hexaware Technologies,3.7,4.7K,5.1K,304,10000+ Employees,Information Technology Support Services
Fifth Third,3.7,3.3K,5.7K,890,10000+ Employees,Investment & Asset Management
Angi,3.6,4.2K,4.3K,291,1001 to 5000 Employees,Internet & Web Services
Cox Communications,4,3.6K,4.7K,970,10000+ Employees,"Cable, Internet & Telephone Providers"
NewYork-Presbyterian Hospital,4,3.1K,5.6K,305,10000+ Employees,Health Care Services & Hospitals
Aflac,3.8,4.1K,2.8K,759,10000+ Employees,Insurance Carriers
UC Davis,4.3,3.2K,6.7K,514,10000+ Employees,Colleges & Universities
Electronic Arts,4.1,3.8K,4.4K,326,10000+ Employees,Video Game Publishing
Liveops,3.9,1.2K,8.7K,4,201 to 500 Employees,Business Consulting
HubSpot,4.5,2.7K,3.3K,25,1001 to 5000 Employees,Computer Hardware Development
J. Crew,3.9,3.8K,4.9K,854,10000+ Employees,"Department, Clothing & Shoe Stores"
Continental,4,7.5K,2.5K,5.4K,10000+ Employees,Transportation Equipment Manufacturing
General Mills,4.1,3.9K,4.1K,446,10000+ Employees,Food & Beverage Manufacturing
Great Clips,3.7,3.3K,4.6K,9.3K,10000+ Employees,Beauty & Wellness
Grainger,4.1,3.5K,5K,413,10000+ Employees,Wholesale
Apex Systems,3.8,3.4K,4.8K,1.6K,1001 to 5000 Employees,Enterprise Software & Network Solutions
Larsen & Toubro,3.8,6.8K,4.3K,40,10000+ Employees,Construction
Express,3.5,3.8K,4.8K,1.7K,Unknown,"Department, Clothing & Shoe Stores"
Kumon,3.9,6K,3.5K,548,1001 to 5000 Employees,Education & Training Services
Dow,4.1,3.8K,4.4K,130,10000+ Employees,Chemical Manufacturing
University of Illinois at Urbana-Champaign,4.5,3.4K,6.2K,69,5001 to 10000 Employees,Colleges & Universities
KeyBank,3.8,2.9K,5.3K,455,10000+ Employees,Banking & Lending
Birlasoft,3.6,2.8K,6.7K,140,1001 to 5000 Employees,Enterprise Software & Network Solutions
Northern Trust,3.9,4.5K,3.8K,613,10000+ Employees,Banking & Lending
Toyota North America,3.8,3.5K,4.7K,1.2K,10000+ Employees,Transportation Equipment Manufacturing
Sutherland,3.8,8.1K,1.8K,1.1K,10000+ Employees,HR Consulting
GE Aerospace,3.8,3.5K,4.7K,1.4K,1001 to 5000 Employees,Aerospace & Defense
Yale University,4.3,2.4K,6.9K,631,10000+ Employees,Colleges & Universities
WM,3.6,3.3K,4.2K,1.2K,10000+ Employees,Building & Personnel Services
CDW,4.1,3.5K,4K,415,10000+ Employees,Information Technology Support Services
Estée Lauder Companies,3.9,4.2K,3.8K,3.2K,10000+ Employees,Consumer Product Manufacturing
Virtusa,3.7,7.6K,2.9K,156,10000+ Employees,Information Technology Support Services
Cyient,3.6,3.1K,6.5K,412,10000+ Employees,Information Technology Support Services
Experian,4.3,5.2K,2.6K,387,10000+ Employees,Research & Development
Amazon Flex,3.6,4.9K,4.3K,285,5001 to 10000 Employees,Shipping & Trucking
BAYADA Home Health Care,3.9,3.3K,4.7K,3.4K,10000+ Employees,Health Care Services & Hospitals
Motorola Solutions,3.9,3.8K,4.3K,787,10000+ Employees,Telecommunications Services
Cushman & Wakefield,3.7,4.1K,4.1K,2.2K,10000+ Employees,Real Estate
J.B. Hunt Transport,3.7,2.9K,5K,650,10000+ Employees,Shipping & Trucking
University of Wisconsin-Madison,4.3,3.1K,6K,44,10000+ Employees,Colleges & Universities
Raising Cane's,3.9,3.3K,4.9K,2.4K,10000+ Employees,Restaurants & Cafes
Collins Aerospace,3.8,3.4K,5.1K,2K,10000+ Employees,Aerospace & Defense
Juniper Networks,4.3,3.9K,4.3K,845,5001 to 10000 Employees,Telecommunications Services
Washington University in St. Louis,4.2,2.7K,6.4K,1.3K,10000+ Employees,Colleges & Universities
Georgia Tech,4.3,3.1K,6.1K,1.1K,5001 to 10000 Employees,Colleges & Universities
Protiviti,4.1,3.2K,4.2K,365,5001 to 10000 Employees,Business Consulting
Anonymous Content,3.9,5.1K,3.2K,2,51 to 200 Employees,Film Production
Massachusetts General Hospital,4,2.6K,6K,1.4K,10000+ Employees,Health Care Services & Hospitals
Gilead Sciences,3.9,1.9K,6.5K,605,10000+ Employees,Biotech & Pharmaceuticals
Duke University,4.2,3K,5.9K,919,10000+ Employees,Colleges & Universities
Baxter,3.8,3.9K,3.7K,1.2K,10000+ Employees,Biotech & Pharmaceuticals
Brigham Young University (BYU),4.5,4.2K,5.1K,180,1001 to 5000 Employees,Colleges & Universities
Six Flags,3.5,3.7K,4.1K,484,1001 to 5000 Employees,Culture & Entertainment
Greystar,3.9,3.2K,5.3K,2.1K,10000+ Employees,Real Estate
Regions Financial,3.5,3.1K,5K,760,10000+ Employees,Banking & Lending
Mars,4.3,4.7K,2.8K,1.8K,10000+ Employees,Food & Beverage Manufacturing
First Student,4,3.9K,3.4K,1.4K,10000+ Employees,Taxi & Car Services
Ralph Lauren,3.8,3.8K,4K,1.4K,10000+ Employees,Other Retail Stores
In-N-Out Burger,4.3,3.8K,4.3K,492,10000+ Employees,Restaurants & Cafes
Anonymous,3.8,3.6K,4.3K,4,1 to 50 Employees,N/A
Arby's,3.5,3.4K,5.2K,11.5K,10000+ Employees,Restaurants & Cafes
MD Anderson Cancer Center,4.1,2.8K,5.3K,782,10000+ Employees,Health Care Services & Hospitals
Avanade,4.3,4.6K,2.8K,900,10000+ Employees,Information Technology Support Services
FactSet,4.1,3.6K,3K,357,10000+ Employees,Investment & Asset Management
Capgemini Engineering,3.5,11K,1.9K,1.3K,10000+ Employees,Information Technology Support Services
DSW,3.6,3.5K,4.3K,744,10000+ Employees,"Department, Clothing & Shoe Stores"
DocuSign,3.9,2.8K,3K,178,5001 to 10000 Employees,Information Technology Support Services
University of Utah,4.2,2.6K,5.8K,1.8K,10000+ Employees,Colleges & Universities
Collabera,3.8,4.2K,3.4K,402,10000+ Employees,Staffing & Subcontracting
Boston University,4.2,2.9K,5.8K,493,10000+ Employees,Colleges & Universities
CACI International,3.9,3K,5K,2.3K,10000+ Employees,Aerospace & Defense
Edelman,3.8,3.4K,4.1K,321,5001 to 10000 Employees,Advertising & Public Relations
SunTrust,3.7,3.3K,4.5K,11,10000+ Employees,Banking & Lending
Kiewit Corporation,3.7,3K,4.5K,971,10000+ Employees,Construction
SpaceX,3.9,2.7K,3.9K,1K,5001 to 10000 Employees,Aerospace & Defense
Red Hat,4.4,3.8K,3.5K,711,10000+ Employees,Enterprise Software & Network Solutions
Takeda Pharmaceuticals,4.1,3.7K,3.9K,1.5K,10000+ Employees,Biotech & Pharmaceuticals
Cornell University,4.4,2.9K,5.8K,532,10000+ Employees,Colleges & Universities
WarnerMedia,3.8,3K,4.2K,950,10000+ Employees,Film Production
NIH,4.2,2.1K,6.5K,39,10000+ Employees,Biotech & Pharmaceuticals
Foot Locker,3.7,4.2K,3.7K,3.5K,10000+ Employees,"Department, Clothing & Shoe Stores"
Zillow,3.9,1.8K,3.9K,59,5001 to 10000 Employees,Real Estate
C.H. Robinson,3.7,2.9K,4.5K,467,10000+ Employees,Shipping & Trucking
Coforge,4,5.3K,4.2K,161,10000+ Employees,Information Technology Support Services
US Census Bureau,4,3.9K,4.5K,--,5001 to 10000 Employees,National Agencies
Love's Travel Stops & Country Stores,4.2,3.5K,4.3K,7.9K,10000+ Employees,Convenience Stores
BBVA,3.8,4.9K,2.9K,1.6K,10000+ Employees,Banking & Lending
Rackspace Technology,3.7,3.2K,3.8K,149,5001 to 10000 Employees,Information Technology Support Services
Arm,4,2.2K,4.8K,320,5001 to 10000 Employees,Computer Hardware Development
24 Hour Fitness,3.5,3.5K,4K,1.1K,10000+ Employees,Sports & Recreation
BDO USA,3.8,2.2K,5.3K,3.7K,1001 to 5000 Employees,Accounting & Tax
UT Southwestern Medical Center,3.9,2.1K,5.8K,1.7K,10000+ Employees,Health Care Services & Hospitals
REI,4,3.1K,4.2K,132,10000+ Employees,Sporting Goods Stores
Wawa,3.8,3.4K,4.6K,1.4K,10000+ Employees,Food & Beverage Stores
Booking.com,4,6.9K,1.4K,348,10000+ Employees,Internet & Web Services
"Blue Cross Blue Shield of Illinois, Montana, New Mexico, Oklahoma & Texas | HCSC",3.9,2.7K,4.5K,722,10000+ Employees,Insurance Carriers
Michigan State University,4.2,2.9K,5.5K,914,10000+ Employees,Colleges & Universities
Bright Horizons Family Solutions,3.7,2.9K,3.9K,2.6K,10000+ Employees,Preschools & Child Care Services
Emory University,4.2,2.4K,5.7K,1.1K,10000+ Employees,Colleges & Universities
CA Technologies,3.7,3.7K,3.6K,--,10000+ Employees,Computer Hardware Development
Dignity Health,3.8,2.8K,4.4K,3.4K,10000+ Employees,Health Care Services & Hospitals
TIAA,4,3.1K,3.8K,565,10000+ Employees,Investment & Asset Management
Netflix,4.3,2.3K,3.5K,309,5001 to 10000 Employees,Internet & Web Services
Henkel,4.3,5.8K,2K,1.4K,10000+ Employees,Consumer Product Manufacturing
Enterprise Holdings,3.6,3.1K,3.9K,3.3K,10000+ Employees,Car & Truck Rental
Stanley Black & Decker,3.5,3.3K,4K,629,10000+ Employees,Machinery Manufacturing
MedPro Healthcare Staffing,3.6,225,8.3K,3.4K,1001 to 5000 Employees,HR Consulting
Ann Taylor,3.6,3.2K,4K,885,1001 to 5000 Employees,"Department, Clothing & Shoe Stores"
Power Home Remodeling,4.6,4K,2.3K,1.2K,1001 to 5000 Employees,Construction
Hogan Transportation Companies,3.6,211,8.3K,6.8K,1001 to 5000 Employees,Car & Truck Rental
FedEx Office,3.5,3.1K,4.3K,697,10000+ Employees,Office Supply & Copy Stores
WSP,3.7,4.3K,2.7K,2.7K,10000+ Employees,Architectural & Engineering Services
Orangetheory Fitness,3.8,3.4K,4.3K,6.2K,201 to 500 Employees,Sports & Recreation
GoDaddy,3.9,2.6K,3.5K,22,5001 to 10000 Employees,Internet & Web Services
WeWork,3.6,3K,3.4K,180,1001 to 5000 Employees,Real Estate
Baker Hughes,3.9,4.4K,2.8K,1.7K,10000+ Employees,Energy & Utilities
IHS Markit,4.1,4.1K,2.7K,--,10000+ Employees,Business Consulting
JetBlue,3.8,2.4K,3.4K,123,10000+ Employees,"Airlines, Airports & Air Transportation"
IHG Hotels and Resorts,4,4.3K,2.9K,1.2K,5001 to 10000 Employees,Hotels & Resorts
University of Arizona,4.2,2.6K,5.2K,711,10000+ Employees,Colleges & Universities
Infor,4,4.2K,3.1K,129,10000+ Employees,Enterprise Software & Network Solutions
ICON,3.8,3.3K,3.5K,1.1K,10000+ Employees,Biotech & Pharmaceuticals
TD Ameritrade,4.2,2.8K,4.2K,13,10000+ Employees,Investment & Asset Management
Wolters Kluwer,3.7,3.6K,3.2K,1K,10000+ Employees,Enterprise Software & Network Solutions
Caesars Entertainment,3.5,2.8K,4K,2.4K,10000+ Employees,Gambling
Sage,4.1,4.7K,1.8K,202,10000+ Employees,Enterprise Software & Network Solutions
Georgia-Pacific,3.7,2.5K,4.3K,728,10000+ Employees,Consumer Product Manufacturing
Ameriprise,3.9,3K,4K,655,10000+ Employees,Investment & Asset Management
AlphaSights,3.7,1.3K,1.4K,53,1001 to 5000 Employees,Business Consulting
University of Illinois at Chicago,4.2,2.5K,5.2K,22,5001 to 10000 Employees,Colleges & Universities
Grubhub,3.7,2.4K,4.6K,92,1001 to 5000 Employees,Internet & Web Services
North Carolina State University,4.3,2.5K,5.2K,742,1001 to 5000 Employees,Colleges & Universities
Under Armour,3.9,2.6K,3.5K,631,10000+ Employees,Sporting Goods Stores
Encompass Health,3.6,2.1K,4.9K,3.9K,10000+ Employees,Health Care Services & Hospitals
Everise,4.6,11.3K,1.4K,98,5001 to 10000 Employees,Business Consulting
DuPont,4,3.4K,3.3K,405,10000+ Employees,Consumer Product Manufacturing
University of Miami,4,2.5K,4.9K,2.1K,10000+ Employees,Colleges & Universities
Chewy,3.5,2.6K,4K,736,10000+ Employees,Pet & Pet Supplies Stores
Gallagher,3.6,3.2K,3.4K,1.6K,10000+ Employees,Insurance Agencies & Brokerages
Sutter Health,3.7,2.4K,4.2K,3K,10000+ Employees,Health Care Services & Hospitals
Motorola Mobility,4.2,2.8K,4.2K,12,1001 to 5000 Employees,Electronics Manufacturing
Assurant,3.6,2.7K,3.3K,91,10000+ Employees,Insurance Carriers
Private,4.1,1.9K,4.7K,3,1 to 50 Employees,Health Care Services & Hospitals
Chubb,3.7,3.1K,3.5K,1.2K,10000+ Employees,Insurance Carriers
Fannie Mae,4.1,2.3K,4.1K,56,5001 to 10000 Employees,Banking & Lending
Navy Federal Credit Union,4.1,2.4K,3.7K,352,10000+ Employees,Banking & Lending
Northeastern University,4.2,2.6K,4.6K,861,1001 to 5000 Employees,Colleges & Universities
Kimberly-Clark,4.1,3.8K,2.7K,1K,10000+ Employees,Consumer Product Manufacturing
Unisys,3.7,4.8K,2.4K,1.6K,10000+ Employees,Information Technology Support Services
Huawei Technologies,3.7,12.7K,643,1,10000+ Employees,Telecommunications Services
Illumina,4.1,2K,3.4K,94,5001 to 10000 Employees,Biotech & Pharmaceuticals
Giant Eagle,3.5,2.8K,3.8K,2.2K,10000+ Employees,Grocery Stores
Waffle House,3.5,3.1K,3.8K,340,10000+ Employees,Restaurants & Cafes
Republic Services,3.5,2.7K,3.3K,2.6K,10000+ Employees,Energy & Utilities
Anheuser-Busch InBev,3.8,4K,2.3K,23,10000+ Employees,Food & Beverage Manufacturing
National Oilwell Varco,3.6,3K,3.4K,1.3K,10000+ Employees,Energy & Utilities
Northwestern Medicine,3.7,2.2K,4.4K,2.6K,5001 to 10000 Employees,Health Care Services & Hospitals
Siemens Healthineers,4.1,3.8K,2.6K,2.1K,10000+ Employees,Biotechnology
Atrium Health,3.8,2.3K,4.6K,5.2K,10000+ Employees,Health Care Services & Hospitals
Reynolds and Reynolds,3.5,1.9K,2.8K,1K,1001 to 5000 Employees,Computer Hardware Development
Hallmark,3.7,3K,3.5K,887,10000+ Employees,Consumer Product Manufacturing
Compunnel,4.2,561,7K,18,1001 to 5000 Employees,Information Technology Support Services
World Wide Technology,4,2.1K,3.1K,231,5001 to 10000 Employees,Computer Hardware Development
Ogilvy,3.8,4.1K,2.5K,205,1001 to 5000 Employees,Advertising & Public Relations
QuikTrip,3.8,3K,3.6K,138,5001 to 10000 Employees,Convenience Stores
ICF,3.7,2.1K,3.7K,495,5001 to 10000 Employees,Business Consulting
Tractor Supply,3.6,2.9K,3.8K,5.9K,10000+ Employees,Home Furniture & Housewares Stores
Rockwell Automation,3.9,3K,3.2K,1.5K,10000+ Employees,Machinery Manufacturing
Intermountain Health,3.7,2.3K,3.9K,1.6K,10000+ Employees,Health Care Services & Hospitals
Crowe,3.9,2.7K,3.4K,1.7K,5001 to 10000 Employees,Accounting & Tax
SSM Health,3.5,1.9K,3.9K,5.6K,10000+ Employees,Health Care Services & Hospitals
M&T Bank,3.6,2.2K,3.9K,1.3K,10000+ Employees,Banking & Lending
BMO Financial Group,3.9,7.1K,1.1K,919,10000+ Employees,Investment & Asset Management
Advocate Aurora Health,3.8,2.3K,4.7K,4.9K,10000+ Employees,Health Care Services & Hospitals
Coach,4,3K,3.4K,877,10000+ Employees,"Department, Clothing & Shoe Stores"
Pier 1 Imports,3.9,3.1K,3.3K,--,10000+ Employees,Home Furniture & Housewares Stores
Kantar,3.7,5.1K,1.6K,491,1001 to 5000 Employees,Research & Development
US Foods,3.6,2.5K,3.9K,769,10000+ Employees,Wholesale
Huntington National Bank,3.6,2.3K,4.1K,1.1K,10000+ Employees,Banking & Lending
University of Georgia,4.2,2.5K,4.5K,13,10000+ Employees,Colleges & Universities
Parker Hannifin,3.8,2.8K,3.3K,1.1K,10000+ Employees,Machinery Manufacturing
Lenovo,4,3.5K,2.2K,1.2K,10000+ Employees,Computer Hardware Development
SAS,4.1,2.9K,2.9K,140,10000+ Employees,Enterprise Software & Network Solutions
Nutanix,4.2,1.8K,2.4K,193,5001 to 10000 Employees,Enterprise Software & Network Solutions
IGATE,3.8,2.8K,4.1K,29,10000+ Employees,Information Technology Support Services
National Instruments,3.9,2.3K,3.2K,126,5001 to 10000 Employees,Electronics Manufacturing
Epsilon,3.9,2.5K,2.9K,495,5001 to 10000 Employees,Advertising & Public Relations
Kellogg Company,3.8,3.2K,2.7K,307,10000+ Employees,Food & Beverage Manufacturing
Marlabs,3.6,1.1K,5.8K,109,1001 to 5000 Employees,Information Technology Support Services
UNC Chapel Hill,3.9,2K,4.7K,3,10000+ Employees,Colleges & Universities
Home Instead,3.7,2.8K,3.2K,6K,10000+ Employees,Health Care Services & Hospitals
R.R. Donnelley,3.5,3.4K,2.8K,595,5001 to 10000 Employees,Advertising & Public Relations
UC Irvine,4.3,2.3K,4.4K,307,10000+ Employees,Colleges & Universities
Airbnb,4.2,2.2K,2.6K,58,5001 to 10000 Employees,Internet & Web Services
Intrado,3.7,2.8K,2.8K,80,5001 to 10000 Employees,Enterprise Software & Network Solutions
Mercy,3.6,2.1K,3.9K,2.7K,10000+ Employees,Health Care Services & Hospitals
Ace Hardware,3.8,2.8K,3.7K,2.3K,5001 to 10000 Employees,Home Furniture & Housewares Stores
CHI,3.5,2.3K,3.7K,3.1K,10000+ Employees,Health Care Services & Hospitals
IRS,3.6,2.6K,3.5K,159,Unknown,National Agencies
Akamai,4.5,2.7K,2.8K,94,5001 to 10000 Employees,Information Technology Support Services
Cross Country Nurses,4,230,6.8K,1.2K,1001 to 5000 Employees,HR Consulting
Mathnasium,4.2,2.7K,3.7K,917,1001 to 5000 Employees,Education & Training Services
MITRE,3.6,1.9K,3.5K,274,5001 to 10000 Employees,National Agencies
Levi Strauss,4,3K,2.7K,1.6K,10000+ Employees,"Department, Clothing & Shoe Stores"
Virginia Tech,4.3,2.3K,4.5K,587,5001 to 10000 Employees,Colleges & Universities
Thales,3.8,5.9K,1.3K,4.8K,1001 to 5000 Employees,Aerospace & Defense
Brigham and Women's Hospital,3.9,1.7K,4.6K,1.1K,5001 to 10000 Employees,Health Care Services & Hospitals
Ryder System,3.7,2.4K,3.5K,6.9K,Unknown,Shipping & Trucking
Boehringer Ingelheim,4.1,3.4K,2.4K,1.3K,10000+ Employees,Biotech & Pharmaceuticals
Bob Evans Restaurants,3.7,3K,3.1K,5K,10000+ Employees,Restaurants & Cafes
Vanderbilt University Medical Center,3.7,2K,4.1K,1.1K,10000+ Employees,Health Care Services & Hospitals
Five Guys Burgers & Fries,3.6,3.1K,2.9K,6K,10000+ Employees,Restaurants & Cafes
University of Colorado Boulder,4.2,2K,4.4K,--,10000+ Employees,Colleges & Universities
General Atomics,3.6,1.7K,3.5K,644,10000+ Employees,Aerospace & Defense
Boston Children's Hospital,4,1.7K,4.5K,1.3K,5001 to 10000 Employees,Health Care Services & Hospitals
Zimmer Biomet,3.6,2.3K,3.2K,852,10000+ Employees,Health Care Products Manufacturing
US Coast Guard,4.1,2.6K,3.6K,--,10000+ Employees,National Agencies
Cellular Sales,3.7,2.8K,2.4K,756,5001 to 10000 Employees,"Cable, Internet & Telephone Providers"
Cinemark,3.6,3K,2.9K,1.1K,10000+ Employees,Culture & Entertainment
Nestlé Purina U.S.,3.6,2K,2.5K,232,10000+ Employees,Consumer Product Manufacturing
athenahealth,3.9,2.1K,3.1K,56,5001 to 10000 Employees,Enterprise Software & Network Solutions
Carnegie Mellon University,4.5,2.2K,4.3K,328,1001 to 5000 Employees,Colleges & Universities
Ipsos,3.6,4.4K,1.8K,352,10000+ Employees,Business Consulting
BT,3.8,8.4K,855,503,1001 to 5000 Employees,Telecommunications Services
Red Bull,4.3,3.3K,2.1K,1.2K,10000+ Employees,Food & Beverage Manufacturing
Pacific Gas and Electric,3.9,2.2K,3.5K,178,10000+ Employees,Energy & Utilities
Memorial Hermann Health System,3.8,2.1K,3.9K,1.3K,10000+ Employees,Health Care Services & Hospitals
Gap Inc.,3.7,2.2K,3.5K,1K,10000+ Employees,"Department, Clothing & Shoe Stores"
Kearney,4.3,1.9K,3.8K,1,1001 to 5000 Employees,Business Consulting
Alight Solutions,3.5,2.7K,3.1K,513,10000+ Employees,HR Consulting
Advisory Board,3.9,1.8K,2.6K,--,1001 to 5000 Employees,Health Care Services & Hospitals
Nuance,4.1,3.1K,2.3K,91,5001 to 10000 Employees,Computer Hardware Development
Seagate Technology,3.8,2.6K,2.9K,254,10000+ Employees,Computer Hardware Development
Inova,3.8,2.1K,3.4K,1.7K,10000+ Employees,Health Care Services & Hospitals
Gensler,4.1,1.9K,3.3K,395,5001 to 10000 Employees,Architectural & Engineering Services
Tyson Foods,3.5,2.4K,3.7K,1.8K,10000+ Employees,Food & Beverage Manufacturing
BDO,3.7,7K,958,574,10000+ Employees,Accounting & Tax
Morrison Healthcare,3.6,2.9K,2.5K,2.4K,10000+ Employees,Catering & Food Service Contractors
Vivint,3.6,2.9K,2.8K,511,10000+ Employees,Security & Protective
LexisNexis Legal & Professional,3.9,3K,2.6K,931,5001 to 10000 Employees,Business Consulting
KPIT Technologies,3.8,3.6K,3K,142,5001 to 10000 Employees,Information Technology Support Services
Marsh McLennan,4,2.7K,2.6K,357,10000+ Employees,Insurance Agencies & Brokerages
Change Healthcare,3.5,2K,3.3K,2.3K,10000+ Employees,Information Technology Support Services
None of Your Business Boutique,4.3,736,4.8K,--,51 to 200 Employees,N/A
Omni Hotels,3.9,2.9K,2.9K,1.5K,5001 to 10000 Employees,Hotels & Resorts
EXL Service,3.8,5K,2K,2.8K,10000+ Employees,Business Consulting
Agilent Technologies,4.2,2.3K,3.3K,317,10000+ Employees,Biotech & Pharmaceuticals
Sheetz,3.8,2K,3.5K,1.9K,10000+ Employees,Convenience Stores
Cadence Design Systems,4.4,2.3K,3K,669,5001 to 10000 Employees,Computer Hardware Development
University of Virginia,4.3,1.9K,4.3K,978,10000+ Employees,Colleges & Universities
Qualtrics,4,1.6K,2.5K,95,5001 to 10000 Employees,Enterprise Software & Network Solutions
NHS,3.8,10.1K,690,13.1K,10000+ Employees,Insurance Carriers
Geek Squad,3.8,2.2K,3.6K,11,10000+ Employees,Information Technology Support Services
TE Connectivity,3.8,3K,2.4K,1.8K,10000+ Employees,Electronics Manufacturing
Sogeti,3.6,2.6K,2.5K,496,1001 to 5000 Employees,Information Technology Support Services
Arrow Electronics,3.6,2.3K,2.6K,1.2K,10000+ Employees,Electronics Manufacturing
Los Angeles USD,3.6,1.9K,3.9K,100,Unknown,Primary & Secondary Schools
Arcadis,4,3.4K,2.3K,1.5K,10000+ Employees,Construction
Red Ventures,3.5,1.8K,2.7K,52,1001 to 5000 Employees,Advertising & Public Relations
KBR,3.9,2.6K,3.1K,1.8K,10000+ Employees,Aerospace & Defense
Equinox,3.6,2.6K,2.8K,808,10000+ Employees,Beauty & Wellness
Macquarie Group,4.2,3.4K,1.7K,1.3K,10000+ Employees,Investment & Asset Management
MGM Resorts International,3.6,1.9K,3.2K,849,10000+ Employees,Hotels & Resorts
UnitedHealthCare,3.7,1.9K,3.9K,17,10000+ Employees,Health Care Services & Hospitals
Regeneron,4.1,1.6K,3.2K,520,10000+ Employees,Biotech & Pharmaceuticals
University of Iowa,4.3,1.8K,4.2K,10,10000+ Employees,Colleges & Universities
Appen,3.7,4.7K,2K,44,501 to 1000 Employees,Business Consulting
TikTok,3.6,2.3K,1.4K,3.4K,1001 to 5000 Employees,Internet & Web Services
Discount Tire,3.9,2.1K,3.9K,1.2K,10000+ Employees,Automotive Parts & Accessories Stores
The World Bank,4.2,2.8K,2.7K,173,10000+ Employees,Banking & Lending
University of South Florida,4.1,2K,3.8K,450,10000+ Employees,Colleges & Universities
Turner Construction,4.2,1.9K,3.4K,354,5001 to 10000 Employees,Construction
Jabil,3.8,3.3K,2.1K,2.2K,10000+ Employees,Electronics Manufacturing
Capital Group,4.2,2K,2.5K,55,5001 to 10000 Employees,Investment & Asset Management
Insight,4,2.3K,2.4K,330,5001 to 10000 Employees,Enterprise Software & Network Solutions
Boys & Girls Clubs of America,3.8,2.5K,3.2K,2K,201 to 500 Employees,Civic & Social Services
Medline Industries,3.6,2K,3.1K,855,10000+ Employees,Health Care Products Manufacturing
Magna International,3.8,3.1K,2.2K,2.5K,10000+ Employees,Transportation Equipment Manufacturing
Glassdoor,4.3,958,1.7K,5,501 to 1000 Employees,Internet & Web Services
Pratt & Whitney,3.9,2K,3.3K,1.4K,10000+ Employees,Aerospace & Defense
Yardi Systems,4.1,2.2K,2.2K,88,5001 to 10000 Employees,Software Development
Houston Methodist,4.3,2K,3.3K,2.7K,10000+ Employees,Health Care Services & Hospitals
Primark,3.5,9.5K,629,703,10000+ Employees,"Department, Clothing & Shoe Stores"
University of Missouri,3.8,1.9K,4K,624,10000+ Employees,Colleges & Universities
DHL Express,4,3.9K,1.6K,13,10000+ Employees,Shipping & Trucking
Perficient,4.1,1.8K,3.6K,199,5001 to 10000 Employees,Information Technology Support Services
Ferguson Enterprises,3.8,2.1K,3.3K,379,10000+ Employees,Wholesale
Publicis Groupe,3.9,3.6K,1.8K,786,10000+ Employees,Advertising & Public Relations
HARMAN,3.9,4.6K,1.4K,1.9K,10000+ Employees,Consumer Product Manufacturing
Vans,4.1,2.4K,2.8K,1.6K,5001 to 10000 Employees,General Merchandise & Superstores
Bechtel,4.1,2.2K,3.2K,842,10000+ Employees,Architectural & Engineering Services
University of Phoenix,3.7,2.3K,2.8K,46,1001 to 5000 Employees,Colleges & Universities
Raymond James Financial,4,2K,3.2K,569,10000+ Employees,Investment & Asset Management
Nestlé USA,3.9,2K,3K,549,1001 to 5000 Employees,Food & Beverage Manufacturing
Luxottica,3.7,2.7K,2.5K,1.4K,10000+ Employees,Consumer Product Manufacturing
Garmin,4,1.5K,2.9K,302,10000+ Employees,Consumer Product Manufacturing
Avaya,3.6,3.4K,2.2K,97,5001 to 10000 Employees,Enterprise Software & Network Solutions
International Paper,3.6,2.4K,2.7K,689,10000+ Employees,Machinery Manufacturing
UCHealth,3.8,1.6K,4.1K,3.5K,10000+ Employees,Health Care Services & Hospitals
Cox Automotive,4.1,1.6K,3.4K,693,10000+ Employees,Information Technology Support Services
Marvell Technology,4.3,1.8K,3.4K,123,5001 to 10000 Employees,Computer Hardware Development
University of Kentucky,4.1,1.8K,3.8K,1.3K,10000+ Employees,Colleges & Universities
Aéropostale,3.6,2.4K,2.9K,599,10000+ Employees,"Department, Clothing & Shoe Stores"
Rockwell Collins,3.8,2K,3.1K,2K,10000+ Employees,Aerospace & Defense
Teach for America,3.8,1.8K,2.4K,4,1001 to 5000 Employees,Education & Training Services
Iowa State University,4.2,1.9K,4K,132,5001 to 10000 Employees,Colleges & Universities
Four Seasons,4,2.9K,2.3K,2.3K,10000+ Employees,Hotels & Resorts
Block,4.1,1.2K,2.5K,83,5001 to 10000 Employees,Internet & Web Services
Experis,3.6,2.6K,2.5K,5.3K,5001 to 10000 Employees,HR Consulting
Palo Alto Networks,4.1,1.7K,3.1K,652,10000+ Employees,Enterprise Software & Network Solutions
Trane Technologies,3.9,2.3K,2.7K,1.6K,10000+ Employees,Machinery Manufacturing
"Discovery, Inc.",3.9,2.1K,2.6K,333,10000+ Employees,Broadcast Media
George Washington University,4,2.1K,3.4K,291,1001 to 5000 Employees,Colleges & Universities
Sabre,4,2.6K,2.4K,255,5001 to 10000 Employees,Enterprise Software & Network Solutions
P.F. Chang's,3.7,2.6K,2.5K,2.2K,10000+ Employees,Restaurants & Cafes
Biogen,4,1.9K,2.9K,312,5001 to 10000 Employees,Biotech & Pharmaceuticals
Indiana University Health,3.6,1.8K,3.5K,1.8K,10000+ Employees,Health Care Services & Hospitals
Penske Truck Leasing,3.6,1.8K,3.7K,3.6K,10000+ Employees,Shipping & Trucking
Broadridge,3.9,2.4K,2.2K,696,10000+ Employees,Financial Transaction Processing
Hampton Inn by Hilton,3.5,2.3K,3.2K,2.1K,10000+ Employees,Hotels & Resorts
Cengage Group,4.2,2.1K,2.8K,59,1001 to 5000 Employees,Publishing
SkyWest Airlines,3.7,1.8K,2.3K,53,10000+ Employees,"Airlines, Airports & Air Transportation"
Vanderbilt University,4.2,1.7K,4.2K,202,5001 to 10000 Employees,Colleges & Universities
Merkle,3.8,1.8K,2.7K,891,5001 to 10000 Employees,Advertising & Public Relations
Truist,3.5,1.7K,3.8K,658,10000+ Employees,Investment & Asset Management
Ingram Micro,3.9,3.2K,1.9K,302,10000+ Employees,Computer Hardware Development
University of Central Florida,4.1,2.1K,3.6K,467,10000+ Employees,Colleges & Universities
Jersey Mike's,3.8,2.4K,3.4K,2.9K,10000+ Employees,Restaurants & Cafes
Amazon Web Services,4.2,2.3K,2.5K,111,Unknown,Information Technology Support Services
OpenText,3.7,3.7K,1.7K,707,10000+ Employees,Enterprise Software & Network Solutions
Allscripts,4,2.7K,2.4K,181,5001 to 10000 Employees,Computer Hardware Development
Premium Retail Services,3.7,1.5K,3.9K,4.7K,10000+ Employees,Advertising & Public Relations
E. & J. Gallo Winery,4.2,1.8K,2.5K,106,5001 to 10000 Employees,Food & Beverage Manufacturing
Kaplan,3.7,2.3K,2.5K,394,10000+ Employees,Education & Training Services
Tesco,3.7,22.8K,311,2.2K,10000+ Employees,Grocery Stores
Vodafone,4,15.2K,361,6.7K,10000+ Employees,"Cable, Internet & Telephone Providers"
Wellstar Health System,3.5,1.9K,3K,2.7K,10000+ Employees,Health Care Services & Hospitals
Uber,4,24K,26.8K,7.8K,10000+ Employees,Internet & Web Services
Umbrella Corporation,4.2,161,1.1K,197,501 to 1000 Employees,Legal
ASML,4.1,2.3K,2.2K,2K,10000+ Employees,Electronics Manufacturing
Safran,3.9,4.1K,1.3K,4.6K,10000+ Employees,Aerospace & Defense
T. Rowe Price,3.8,1.7K,3K,223,5001 to 10000 Employees,Investment & Asset Management
TechnipFMC,4,3.4K,2K,509,10000+ Employees,Energy & Utilities
Duke Energy,3.9,1.9K,3.3K,117,10000+ Employees,Energy & Utilities
Oregon Health & Science University,3.7,1.5K,3.9K,1.6K,10000+ Employees,Colleges & Universities
Panasonic,3.8,3.1K,1.9K,4K,10000+ Employees,Electronics Manufacturing
Florida State University,4.2,1.9K,3.7K,295,10000+ Employees,Colleges & Universities
Carter's,3.8,2.1K,2.8K,1.1K,1001 to 5000 Employees,Other Retail Stores
FTI Consulting,4.1,1.8K,2.6K,339,5001 to 10000 Employees,Business Consulting
Lincoln Financial Group,3.6,1.8K,3.1K,161,10000+ Employees,Insurance Carriers
Rolls-Royce,4,3.5K,1.5K,360,10000+ Employees,Aerospace & Defense
Wyndham Destinations,3.6,2.2K,2.6K,1.1K,10000+ Employees,Hotels & Resorts
Baylor College of Medicine,3.9,1.3K,4.1K,798,5001 to 10000 Employees,Colleges & Universities
Honda,3.9,3.5K,1.7K,1.7K,10000+ Employees,Transportation Equipment Manufacturing
MAC Cosmetics,3.6,2.7K,2.2K,32,1001 to 5000 Employees,Consumer Product Manufacturing
Stantec,3.9,2.5K,2.4K,4.8K,10000+ Employees,Architectural & Engineering Services
Payless ShoeSource,3.5,2.5K,2.4K,77,10000+ Employees,"Department, Clothing & Shoe Stores"
Ally Financial,3.5,1.9K,3K,170,10000+ Employees,Investment & Asset Management
Warner Bros.,3.8,2.1K,2.6K,9,5001 to 10000 Employees,Film Production
Thoughtworks,4.4,3.4K,1.5K,17,501 to 1000 Employees,Information Technology Support Services
ALSTOM,3.8,4.3K,1.4K,4.3K,10000+ Employees,Rail Transportation
Manhattan Associates,4.1,1.6K,3.3K,156,1001 to 5000 Employees,Enterprise Software & Network Solutions
Huron Consulting Group,4.2,1.4K,3.1K,249,1001 to 5000 Employees,Business Consulting
NASA,4.5,2.2K,3K,703,10000+ Employees,National Agencies
Fisher Investments,3.6,1.2K,2K,37,1001 to 5000 Employees,Investment & Asset Management
BJC HealthCare,3.6,1.7K,3.1K,2.6K,10000+ Employees,Health Care Services & Hospitals
Uline,3.5,1.2K,1.9K,943,5001 to 10000 Employees,Wholesale
Fluor,4,3K,2.2K,1.3K,10000+ Employees,Construction
Crate and Barrel,3.5,1.9K,2.8K,408,10000+ Employees,Home Furniture & Housewares Stores
Pitney Bowes,3.6,2.5K,2.4K,189,10000+ Employees,Shipping & Trucking
Confidential,4,1.6K,3.2K,198,Unknown,N/A
Scotiabank,3.9,9.5K,600,2K,10000+ Employees,Banking & Lending
Alcon,3.8,2.2K,2.2K,567,10000+ Employees,Biotech & Pharmaceuticals
Corning,3.8,2K,2.7K,410,Unknown,Electronics Manufacturing
Analog Devices,4.1,2.1K,2.6K,1.8K,10000+ Employees,Electronics Manufacturing
Other,4.1,1.7K,3K,--,1 to 50 Employees,Civic & Social Services
Unum,3.7,1.6K,2.8K,126,5001 to 10000 Employees,Insurance Carriers
TransUnion,4.1,1.8K,2.2K,493,10000+ Employees,Research & Development
Korn Ferry,3.7,3K,1.8K,622,5001 to 10000 Employees,Business Consulting
AmerisourceBergen,3.7,1.9K,2.7K,504,10000+ Employees,Biotech & Pharmaceuticals
Chuck E. Cheese,3.6,2.4K,2.5K,3.3K,501 to 1000 Employees,Restaurants & Cafes
Culver's,3.6,2.3K,2.9K,2.8K,10000+ Employees,Restaurants & Cafes
PTC,4.1,2.3K,2.2K,149,5001 to 10000 Employees,Computer Hardware Development
Bosch,4.3,2.3K,1.9K,7.7K,10000+ Employees,Consumer Product Manufacturing
Esri,4,1.3K,3K,311,1001 to 5000 Employees,Computer Hardware Development
U.S. Cellular,3.8,2.1K,2.6K,330,5001 to 10000 Employees,"Cable, Internet & Telephone Providers"
Compass,3.6,1.8K,2.5K,16,1001 to 5000 Employees,Enterprise Software & Network Solutions
Eastman,3.9,2.3K,2.4K,81,10000+ Employees,Chemical Manufacturing
Texas Tech University,4.3,1.9K,3.4K,710,Unknown,Colleges & Universities
Lionbridge,3.7,3.6K,1.8K,54,5001 to 10000 Employees,Information Technology Support Services
UniFirst,3.8,2K,2.2K,1.4K,10000+ Employees,Laundry & Dry Cleaning
Colgate-Palmolive,4.2,3.3K,1.6K,355,10000+ Employees,Consumer Product Manufacturing
Emory Healthcare,3.6,1.8K,3.1K,2.3K,10000+ Employees,Health Care Services & Hospitals
Aveanna Healthcare,3.5,1.4K,3.6K,3.1K,10000+ Employees,Health Care Services & Hospitals
Temple University,4,1.8K,3.5K,36,5001 to 10000 Employees,Colleges & Universities
Holiday Inn Express,3.5,2.1K,2.9K,2.2K,1 to 50 Employees,Hotels & Resorts
Darden,3.9,2.4K,2.5K,488,10000+ Employees,Restaurants & Cafes
U.S. Department of State,4,2.2K,2.7K,60,10000+ Employees,National Agencies
Duke University Health System,3.8,1.4K,3.7K,1.9K,10000+ Employees,Health Care Services & Hospitals
Florida International University,4.1,2K,3.3K,1K,1001 to 5000 Employees,Colleges & Universities
Alcatel-Lucent,3.8,2.7K,2.3K,1.9K,10000+ Employees,Telecommunications Services
Weill Cornell Medicine,3.9,1.3K,3.6K,150,10000+ Employees,Colleges & Universities
National Grid,3.9,1.9K,2.5K,91,10000+ Employees,Energy & Utilities
Royal Caribbean Group,4.1,2.5K,2.4K,241,10000+ Employees,Hotels & Resorts
Lam Research,4.2,1.8K,2.9K,55,10000+ Employees,Electronics Manufacturing
NatWest Group,3.9,8.4K,596,910,10000+ Employees,Banking & Lending
Harbor Freight Tools,3.7,2.6K,3.6K,3.7K,10000+ Employees,Home Furniture & Housewares Stores
Allianz,4,6K,787,2.8K,10000+ Employees,Investment & Asset Management
Principal Financial Group,4,2.1K,2.4K,174,10000+ Employees,Investment & Asset Management
University of Connecticut,4.2,1.7K,3.6K,390,1001 to 5000 Employees,Colleges & Universities
GlobalLogic,4.1,5.7K,1.4K,952,10000+ Employees,Information Technology Support Services
Heartland Dental,3.6,1.8K,2.3K,1.7K,1001 to 5000 Employees,Health Care Services & Hospitals
Expeditors,3.6,2K,2.3K,283,10000+ Employees,Taxi & Car Services
Ritz-Carlton,4,2.6K,2.2K,104,10000+ Employees,Hotels & Resorts
Iron Mountain,3.8,2.5K,2K,739,10000+ Employees,Information Technology Support Services
Pandora Jewelry,3.7,3.1K,1.6K,1.4K,10000+ Employees,Beauty & Personal Accessories Stores
Equitable Advisors,3.9,2.3K,1.4K,524,1001 to 5000 Employees,Investment & Asset Management
Southern California Edison,4.1,1.7K,2.6K,555,10000+ Employees,Energy & Utilities
Georgetown University,4.1,1.7K,3.4K,6,5001 to 10000 Employees,Colleges & Universities
Children's Hospital of Philadelphia,4,1.4K,3.2K,27,10000+ Employees,Health Care Services & Hospitals
Stefanini,3.7,5.7K,808,1.1K,10000+ Employees,Information Technology Support Services
Splunk,4.1,1.4K,2.5K,634,5001 to 10000 Employees,Enterprise Software & Network Solutions
Goodyear,3.8,2.4K,2.2K,1.9K,10000+ Employees,Transportation Equipment Manufacturing
Cognizant,3.8,5K,1K,--,1 to 50 Employees,N/A
WyzAnt,3.8,101,5.4K,--,51 to 200 Employees,Internet & Web Services
LUSH North America,3.6,2.3K,2K,1,1001 to 5000 Employees,Beauty & Personal Accessories Stores
Dassault Systemes,3.8,3.3K,1.4K,770,10000+ Employees,Software Development
Universal Orlando Resort,4,1.8K,2.9K,473,10000+ Employees,Hotels & Resorts
MilliporeSigma,3.9,1.6K,3K,336,10000+ Employees,Biotech & Pharmaceuticals
CHRISTUS Health,3.5,1.4K,3.5K,2.6K,10000+ Employees,Health Care Services & Hospitals
General Dynamics Mission Systems,3.9,1.7K,2.7K,364,10000+ Employees,Aerospace & Defense
L&T Technology Services,3.5,4.9K,1.6K,2.8K,10000+ Employees,Information Technology Support Services
Saint-Gobain,4,4.3K,1.1K,6.1K,10000+ Employees,Machinery Manufacturing
Standard Chartered Bank,3.9,8K,664,4.8K,10000+ Employees,Investment & Asset Management
GRANDISON MANAGEMENT,4.1,34,5.5K,8,51 to 200 Employees,Health Care Services & Hospitals
Genesys,4.1,2.3K,1.8K,151,5001 to 10000 Employees,Enterprise Software & Network Solutions
FirstService Residential,4,1.6K,3.3K,1.3K,10000+ Employees,Real Estate
Henry Ford Health,3.7,1.6K,3.4K,1.9K,10000+ Employees,Health Care Services & Hospitals
McAfee,3.8,2.5K,2K,905,1001 to 5000 Employees,Computer Hardware Development
Novant Health,3.8,1.7K,2.9K,4.3K,10000+ Employees,Health Care Services & Hospitals
The UPS Store,3.6,2.2K,2.8K,110,1 to 50 Employees,Commercial Printing
LongHorn Steakhouse,3.9,2.1K,2.7K,3.6K,1001 to 5000 Employees,Restaurants & Cafes
Redfin,3.9,1.6K,2.1K,166,1001 to 5000 Employees,Real Estate
Princeton University,4.4,1.3K,3.5K,423,5001 to 10000 Employees,Colleges & Universities
BlackBerry,3.7,3.1K,1.4K,179,1001 to 5000 Employees,Enterprise Software & Network Solutions
NTT DATA Business Solutions,3.9,741,4.4K,525,10000+ Employees,Information Technology Support Services
Starwood Hotels & Resorts,3.8,2.2K,2.2K,3,10000+ Employees,Hotels & Resorts
Avon,3.9,3.8K,1.2K,81,10000+ Employees,Consumer Product Manufacturing
Georgia State University,4,2K,2.9K,174,5001 to 10000 Employees,Colleges & Universities
Archer Daniels Midland (ADM),3.9,2.3K,2.1K,1.1K,10000+ Employees,Food & Beverage Manufacturing
Stellantis,3.6,2.5K,2K,813,10000+ Employees,Transportation Equipment Manufacturing
Dropbox,4.6,1.2K,1.8K,109,1001 to 5000 Employees,Computer Hardware Development
MUFG,3.5,2.2K,2K,910,10000+ Employees,Banking & Lending
Blue Shield Of California,4,1.8K,2.4K,128,5001 to 10000 Employees,Insurance Carriers
Western Union,3.8,2.4K,1.6K,200,10000+ Employees,Financial Transaction Processing
Arup,4.3,3.1K,1.3K,1.1K,10000+ Employees,Architectural & Engineering Services
Cypress Semiconductor,3.7,764,4.2K,--,5001 to 10000 Employees,Computer Hardware Development
Hot Topic,3.6,1.9K,2.5K,2.2K,5001 to 10000 Employees,"Department, Clothing & Shoe Stores"
Crothall Healthcare,3.8,2.3K,2K,2.5K,10000+ Employees,Health Care Services & Hospitals
Parsons Corporation,3.9,1.7K,2.9K,1.4K,10000+ Employees,Information Technology Support Services
Sunrun,3.8,1.7K,2.7K,516,10000+ Employees,Energy & Utilities
The Buckle,3.6,1.9K,1.9K,2.8K,5001 to 10000 Employees,"Department, Clothing & Shoe Stores"
Chico's FAS,3.5,2K,2.2K,1.9K,10000+ Employees,"Department, Clothing & Shoe Stores"
UC Santa Barbara,4.3,1.7K,3.3K,292,5001 to 10000 Employees,Colleges & Universities
Amadeus,3.9,4.3K,1.1K,553,10000+ Employees,Information Technology Support Services
Mu Sigma,3.5,4K,1.2K,--,1001 to 5000 Employees,Business Consulting
United States House of Representatives,4,1.8K,2.9K,49,5001 to 10000 Employees,National Agencies
ZF Group,3.9,3.1K,1.5K,3K,10000+ Employees,Transportation Equipment Manufacturing
Blackbaud,3.7,1.4K,2.4K,10,1001 to 5000 Employees,Software Development
Live Nation Entertainment,4.1,1.9K,2.5K,1.6K,10000+ Employees,Broadcast Media
NTT Ltd.,3.8,4.1K,1.1K,1.7K,10000+ Employees,Information Technology Support Services
Jamba,3.7,2.1K,2.2K,1.3K,1001 to 5000 Employees,Restaurants & Cafes
RealPage,3.6,1.9K,2.1K,191,5001 to 10000 Employees,Enterprise Software & Network Solutions
Burns & McDonnell,4.1,1.4K,2.7K,3K,5001 to 10000 Employees,Construction
KLA,4.1,1.5K,2.7K,482,5001 to 10000 Employees,Machinery Manufacturing
CIBC,3.9,8K,499,685,10000+ Employees,Banking & Lending
Atlassian,4.7,1.9K,1.5K,144,5001 to 10000 Employees,Software Development
DISYS,3.9,1.3K,3.3K,300,1001 to 5000 Employees,Information Technology Support Services
Bankers Life,3.8,2.3K,986,532,1001 to 5000 Employees,Insurance Carriers
Freelance,4.3,2K,2.3K,6,1 to 50 Employees,N/A
Shipt,3.7,2.2K,2.2K,25.3K,1001 to 5000 Employees,Consumer Product Rental
BMW Group,4.2,4.8K,881,1.9K,10000+ Employees,Transportation Equipment Manufacturing
Novo Nordisk,4.3,3K,1.4K,429,10000+ Employees,Biotech & Pharmaceuticals
University of North Texas,4.1,1.8K,3K,454,5001 to 10000 Employees,Colleges & Universities
BJ's Restaurants,3.6,2.2K,2.3K,2K,10000+ Employees,Restaurants & Cafes
Johns Hopkins Medicine,3.9,1.4K,3.4K,254,5001 to 10000 Employees,Health Care Services & Hospitals
Southern Glazer's Wine & Spirits,3.6,1.7K,2.8K,1.4K,10000+ Employees,Wholesale
Cvent,3.8,1.9K,1.7K,129,1001 to 5000 Employees,Software Development
MedStar Health,3.7,1.4K,3K,3.2K,10000+ Employees,Health Care Services & Hospitals
Newell Brands,3.6,1.5K,2.4K,275,10000+ Employees,Consumer Product Manufacturing
eXp Realty,4.4,2.5K,1.6K,111,10000+ Employees,Real Estate
Micro Focus,3.7,2.6K,1.7K,219,10000+ Employees,Enterprise Software & Network Solutions
Texas Health Resources,4,1.6K,2.9K,1.5K,10000+ Employees,Health Care Services & Hospitals
Conagra Brands,3.7,1.7K,2.5K,462,10000+ Employees,Food & Beverage Manufacturing
Bridgestone Americas,3.8,1.9K,2.4K,429,10000+ Employees,Machinery Manufacturing
Blizzard Entertainment,3.7,1.3K,2.4K,328,1001 to 5000 Employees,Video Game Publishing
LSU,4,1.6K,3.2K,567,1001 to 5000 Employees,Colleges & Universities
Airgas,3.6,1.7K,2.5K,1.3K,10000+ Employees,Chemical Manufacturing
Valeo,3.8,4.9K,823,2.6K,10000+ Employees,Transportation Equipment Manufacturing
Keysight Technologies,4.2,1.7K,2.8K,513,10000+ Employees,Electronics Manufacturing
PVH Corp.,3.7,1.9K,1.6K,2.1K,10000+ Employees,"Department, Clothing & Shoe Stores"
ING,4,4.2K,966,2.3K,10000+ Employees,Investment & Asset Management
Signet Jewelers,3.6,1.9K,2.2K,4.8K,10000+ Employees,Other Retail Stores
Viasat,4.2,1.4K,2.1K,392,5001 to 10000 Employees,Telecommunications Services
Revature,4,2.1K,1.3K,--,1001 to 5000 Employees,Information Technology Support Services
Hays,3.7,5.6K,465,41.3K,5001 to 10000 Employees,HR Consulting
Finish Line,3.6,2K,2.5K,2.3K,10000+ Employees,"Department, Clothing & Shoe Stores"
Sony,4.1,3.3K,1.5K,3K,10000+ Employees,Consumer Product Manufacturing
St. Jude Children's Research Hospital,4.6,1.2K,2.6K,341,5001 to 10000 Employees,Health Care Services & Hospitals
Noodles & Company,3.6,1.8K,2.3K,1.4K,10000+ Employees,Restaurants & Cafes
Fast Enterprises,3.9,1.2K,1.9K,19,1001 to 5000 Employees,Information Technology Support Services
Colorado State University,4.1,1.6K,3.1K,242,5001 to 10000 Employees,Colleges & Universities
Synchrony,4.3,1.9K,1.9K,290,10000+ Employees,Banking & Lending
FedEx Freight,3.8,1.9K,2.6K,208,10000+ Employees,Shipping & Trucking
Marten Transport,3.5,290,4.6K,608,1001 to 5000 Employees,Shipping & Trucking
Extended Stay America,3.6,2.1K,2.3K,4.6K,5001 to 10000 Employees,Hotels & Resorts
Palantir Technologies,4.2,585,1.3K,--,Unknown,Software Development
GLG,3.5,1.6K,1.8K,197,1001 to 5000 Employees,Business Consulting
Sandia National Laboratories,4.1,1.3K,2.9K,498,10000+ Employees,National Agencies
HDR,4,1.3K,2.9K,1.7K,10000+ Employees,Architectural & Engineering Services
CareerStaff Unlimited,3.5,440,4K,2.3K,5001 to 10000 Employees,Health Care Services & Hospitals
Persistent Systems,4,5.4K,1.1K,9,10000+ Employees,Information Technology Support Services
Guidehouse,3.7,1.3K,2.9K,153,1001 to 5000 Employees,Business Consulting
ArcelorMittal,3.9,3.6K,1.1K,1.4K,10000+ Employees,Metal & Mineral Manufacturing
George Mason University,4.2,1.8K,2.8K,389,5001 to 10000 Employees,Colleges & Universities
University of Cincinnati,4.2,1.5K,3.1K,444,10000+ Employees,Colleges & Universities
MicroStrategy,3.9,1.2K,2.7K,28,1001 to 5000 Employees,Computer Hardware Development
IGT,3.8,1.7K,2.5K,318,10000+ Employees,Gambling
Cedars-Sinai Medical Center,4.1,1.4K,2.9K,603,10000+ Employees,Health Care Services & Hospitals
Airbus,4,5.5K,685,4.7K,10000+ Employees,Aerospace & Defense
LPL Financial,3.8,1.6K,2.6K,466,1001 to 5000 Employees,Investment & Asset Management
University of Alabama at Birmingham,4,1.1K,3.5K,1.5K,10000+ Employees,Colleges & Universities
HERE Technologies,3.7,3K,1.5K,90,5001 to 10000 Employees,Software Development
Schneider,3.5,1.8K,2.1K,736,10000+ Employees,Taxi & Car Services
Teva Pharmaceuticals,3.6,2.3K,1.9K,892,10000+ Employees,Biotech & Pharmaceuticals
Maurices,3.8,1.7K,2.4K,2.4K,5001 to 10000 Employees,"Department, Clothing & Shoe Stores"
Cincinnati Children's Hospital,4,1.4K,3K,1K,10000+ Employees,Health Care Services & Hospitals
Bose,3.8,1.8K,2.1K,162,5001 to 10000 Employees,Consumer Product Manufacturing
Piedmont Healthcare,3.7,1.5K,2.9K,3.4K,10000+ Employees,Health Care Services & Hospitals
American Cancer Society,3.6,1.8K,2.1K,92,5001 to 10000 Employees,Civic & Social Services
Condé Nast,3.7,1.7K,2.2K,118,501 to 1000 Employees,Publishing
University of Houston System,4.1,1.7K,2.8K,15,10000+ Employees,Colleges & Universities
Bass Pro Shops,3.5,2K,2.3K,642,10000+ Employees,Sporting Goods Stores
Tripadvisor,3.8,1.3K,1.6K,275,1001 to 5000 Employees,Internet & Web Services
Louis Vuitton,3.5,2.5K,1.6K,607,10000+ Employees,Consumer Product Manufacturing
Siemens Digital Industries Software,4.2,2.5K,1.8K,13.1K,5001 to 10000 Employees,Computer Hardware Development
BMC Software,4.2,2.6K,1.6K,130,5001 to 10000 Employees,Enterprise Software & Network Solutions
Montefiore Medical,3.6,1.3K,3.1K,1.5K,Unknown,Health Care Services & Hospitals
CNH Industrial,3.9,2.5K,1.5K,797,10000+ Employees,Machinery Manufacturing
Faurecia,3.7,3.1K,1.3K,905,10000+ Employees,Transportation Equipment Manufacturing
Dun & Bradstreet,3.9,1.9K,1.7K,177,5001 to 10000 Employees,Information Technology Support Services
Sport Clips,3.6,2K,1.9K,2.3K,10000+ Employees,Beauty & Wellness
Stanford Health Care,4,1.4K,2.6K,906,10000+ Employees,Health Care Services & Hospitals
TIBCO Software,3.8,2K,2K,--,1001 to 5000 Employees,Computer Hardware Development
Compass Group USA,3.6,1.5K,2.6K,11,10000+ Employees,Catering & Food Service Contractors
Universal Studios,4,1.8K,2.1K,263,10000+ Employees,Film Production
AutoNation,3.7,1.8K,2K,1.5K,10000+ Employees,Vehicle Dealers
Weatherford,3.6,2.4K,1.9K,662,10000+ Employees,Energy & Utilities
PlayStation,4,1.4K,2.1K,206,5001 to 10000 Employees,Video Game Publishing
Equinix,4.2,2K,1.6K,977,10000+ Employees,Enterprise Software & Network Solutions
UT Dallas,4.2,1.8K,2.6K,242,1001 to 5000 Employees,Colleges & Universities
University of Oklahoma,4.1,1.5K,3K,347,5001 to 10000 Employees,Colleges & Universities
United Way,3.7,1.7K,2.3K,587,1 to 50 Employees,Grantmaking & Charitable Foundations
Adventist Health,3.5,1.5K,2.6K,2.5K,10000+ Employees,Health Care Services & Hospitals
Lawrence Livermore National Laboratory,4.4,1.5K,2.4K,496,5001 to 10000 Employees,National Agencies
University of Rochester,4,1.4K,3K,32,10000+ Employees,Colleges & Universities
Charles River Laboratories,3.5,1.6K,2.3K,965,10000+ Employees,Biotech & Pharmaceuticals
US Department of Homeland Security,3.8,1.6K,2.7K,36,10000+ Employees,National Agencies
MAERSK,4.2,4.9K,780,3.1K,10000+ Employees,Marine Transportation
Dana-Farber Cancer Institute,4.1,1.1K,3.1K,553,1001 to 5000 Employees,Health Care Services & Hospitals
XYZ,3.8,2.8K,1.4K,6,1 to 50 Employees,Computer Hardware Development
Metropolitan Transportation Authority,3.6,1.6K,2.3K,682,Unknown,State & Regional Agencies
Dave & Buster's,3.6,2K,2.2K,2.5K,10000+ Employees,Restaurants & Cafes
Beth Israel Deaconess Medical Center,3.8,1.2K,3K,3,10000+ Employees,Health Care Services & Hospitals
RE/MAX,4.2,2.6K,1.7K,677,501 to 1000 Employees,Real Estate
2U,3.6,1.3K,2.3K,70,1001 to 5000 Employees,Enterprise Software & Network Solutions
Penn Medicine,3.8,1.4K,2.8K,2K,10000+ Employees,Health Care Services & Hospitals
CUNY (City University of New York),3.9,1.5K,2.7K,183,10000+ Employees,Colleges & Universities
Nomura Holdings,4,2.4K,1.3K,51,10000+ Employees,Investment & Asset Management
Fossil Group,3.8,2.1K,2K,132,10000+ Employees,Beauty & Personal Accessories Stores
HII,3.5,1.4K,2.6K,1K,1001 to 5000 Employees,Aerospace & Defense
Smith & Nephew,4.1,1.9K,2K,297,10000+ Employees,Health Care Products Manufacturing
CEVA Logistics,3.6,2.6K,1.4K,1.1K,10000+ Employees,Shipping & Trucking
Extra Space Storage,4.2,1.9K,1.8K,400,1001 to 5000 Employees,Real Estate
UCLA Health,4,1.3K,2.6K,2.5K,5001 to 10000 Employees,Health Care Services & Hospitals
KPMG US,4,1.3K,2.9K,23.8K,1001 to 5000 Employees,Business Consulting
Washington State University,4,1.5K,2.8K,334,5001 to 10000 Employees,Colleges & Universities
F5,4.2,1.5K,2K,112,5001 to 10000 Employees,Computer Hardware Development
AOL,3.8,1.6K,2.4K,2.4K,5001 to 10000 Employees,Publishing
Tommy Hilfiger,3.7,2.5K,1.5K,45,1001 to 5000 Employees,"Department, Clothing & Shoe Stores"
Gordon Food Service,3.9,1.7K,2.1K,960,10000+ Employees,Wholesale
Aya Healthcare,4.4,1.4K,2.1K,2.6K,5001 to 10000 Employees,HR Consulting
Fragomen,3.6,1.7K,2.1K,96,5001 to 10000 Employees,Law Firms
Oregon State University,4.3,1.5K,2.8K,483,5001 to 10000 Employees,Colleges & Universities
US Forest Service,3.7,985,3.5K,221,10000+ Employees,National Agencies
Best Western,3.6,2K,2.1K,1.6K,1001 to 5000 Employees,Hotels & Resorts
Koch Industries,4,1.4K,2K,956,10000+ Employees,Energy & Utilities
ManTech,4.2,1.6K,2.2K,1.8K,5001 to 10000 Employees,Aerospace & Defense
Men's Wearhouse,3.5,1.8K,2.3K,515,10000+ Employees,"Department, Clothing & Shoe Stores"
Capri Holdings,4,1.7K,1.7K,17,5001 to 10000 Employees,"Department, Clothing & Shoe Stores"
Alaska Airlines,3.9,1.3K,1.8K,63,10000+ Employees,"Airlines, Airports & Air Transportation"
Itaú Unibanco (Itaú BBA e Rede),4.5,20.5K,169,940,10000+ Employees,Banking & Lending
OMD,3.7,1.8K,2K,87,10000+ Employees,Advertising & Public Relations
Marathon Petroleum,3.6,1.5K,2.5K,206,10000+ Employees,Energy & Utilities
Code Ninja,2.8,1.8k,2.5k,206,10000+ Employees,Energy & Utilities
